animal_id,session_id,qc_status,analysis_duration_s,input_lfp_rate_hz,observation_rate_hz,decimation_factor,observation_count,unrepresented_tail_s,selected_lfp_role_channels_one_based,selected_lfp_role_anatomy,role_channel_mapping,physio_feature_source_roles,anatomy_provenance_conflicts,channel_role_mask,channel_role_anomalies,waveform_fir_numtaps,waveform_group_delay_s,waveform_full_history_warmup_s,waveform_first_valid_right_edge_s,physio_first_valid_right_edge_s,physio_bands,stable_unit_count,spike_branch_a_session_shape,spike_branch_b_session_shape,modality_mask,contexts,sample_shapes,finite_waveform,finite_physio,causal_check_passed,normalization_statistics_fit,cache_directory,protocol_version,protocol_hash,error
BWRat17,BWRat17_121712,WARN,6059.4,1250.0,50,25,302970,0.0,[13],"[""ACC""]","{""good_eeg"": {""source_field"": ""goodeegchannel"", ""source_indexing"": ""MATLAB_1_based"", ""physical_channel_one_based"": 13, ""numpy_column_zero_based"": 12, ""anatomy_provenance"": ""ACC""}, ""theta"": {""source_field"": ""Thetachannel"", ""source_indexing"": ""MATLAB_1_based"", ""physical_channel_one_based"": 65, ""numpy_column_zero_based"": 64, ""anatomy_provenance"": ""dhipp""}, ""spindle"": {""source_field"": ""Spindlechannel"", ""source_indexing"": ""MATLAB_1_based"", ""physical_channel_one_based"": 13, ""numpy_column_zero_based"": 12, ""anatomy_provenance"": ""ACC""}, ""up_state"": {""source_field"": ""UPstatechannel"", ""source_indexing"": ""MATLAB_1_based"", ""physical_channel_one_based"": 13, ""numpy_column_zero_based"": 12, ""anatomy_provenance"": ""ACC""}}","{""delta"": ""good_eeg"", ""theta"": ""theta"", ""sigma"": ""spindle"", ""broadband"": ""good_eeg""}",[],[true],"[""functional_roles_share_physical_channel_provenance"", ""startup_transient_masks_early_m2_samples"", ""inherited_m3_qc_warning""]",909,0.3632,0.7264,0.74,10.86,"[""delta"", ""theta"", ""sigma"", ""broadband""]",50,"[302970, 1]","[302970, 50]","[true, true, true, true]","{""5"": {""m2_valid_samples"": 3481, ""representation_valid_samples"": 3471, ""representation_invalid_samples"": 10, ""invalid_reason"": ""context_intersects_lfp_feature_startup"", ""checked_samples"": 3, ""causal_check_passed"": true}, ""10"": {""m2_valid_samples"": 3477, ""representation_valid_samples"": 3466, ""representation_invalid_samples"": 11, ""invalid_reason"": ""context_intersects_lfp_feature_startup"", ""checked_samples"": 3, ""causal_check_passed"": true}, ""30"": {""m2_valid_samples"": 3457, ""representation_valid_samples"": 3446, ""representation_invalid_samples"": 11, ""invalid_reason"": ""context_intersects_lfp_feature_startup"", ""checked_samples"": 3, ""causal_check_passed"": true}}","{""5"": {""steps"": 250, ""lfp_waveform"": [250, 1], ""lfp_physio"": [250, 4], ""spike_population_rate"": [250, 1], ""spike_set_counts"": [250, 50], ""neuron_mask"": [50], ""causal_validity_mask"": [250, 4]}, ""10"": {""steps"": 500, ""lfp_waveform"": [500, 1], ""lfp_physio"": [500, 4], ""spike_population_rate"": [500, 1], ""spike_set_counts"": [500, 50], ""neuron_mask"": [50], ""causal_validity_mask"": [500, 4]}, ""30"": {""steps"": 1500, ""lfp_waveform"": [1500, 1], ""lfp_physio"": [1500, 4], ""spike_population_rate"": [1500, 1], ""spike_set_counts"": [1500, 50], ""neuron_mask"": [50], ""causal_validity_mask"": [1500, 4]}}",True,True,True,False,D:\工作相关\望道项目\work\cache\milestone4\0c0f750b0f83f0a2\BWRat17_121712,m4-v1.1.0,e4879fcb53b76286b317460fafdf56cd352b9e00bd766910f1ebca35ebec8a26,
BWRat17,BWRat17_121912,WARN,6534.7,1250.0,50,25,326735,0.0,[13],"[""ACC""]","{""good_eeg"": {""source_field"": ""goodeegchannel"", ""source_indexing"": ""MATLAB_1_based"", ""physical_channel_one_based"": 13, ""numpy_column_zero_based"": 12, ""anatomy_provenance"": ""ACC""}, ""theta"": {""source_field"": ""Thetachannel"", ""source_indexing"": ""MATLAB_1_based"", ""physical_channel_one_based"": 67, ""numpy_column_zero_based"": 66, ""anatomy_provenance"": ""dhipp""}, ""spindle"": {""source_field"": ""Spindlechannel"", ""source_indexing"": ""MATLAB_1_based"", ""physical_channel_one_based"": 13, ""numpy_column_zero_based"": 12, ""anatomy_provenance"": ""ACC""}, ""up_state"": {""source_field"": ""UPstatechannel"", ""source_indexing"": ""MATLAB_1_based"", ""physical_channel_one_based"": 13, ""numpy_column_zero_based"": 12, ""anatomy_provenance"": ""ACC""}}","{""delta"": ""good_eeg"", ""theta"": ""theta"", ""sigma"": ""spindle"", ""broadband"": ""good_eeg""}",[],[true],"[""functional_roles_share_physical_channel_provenance"", ""startup_transient_masks_early_m2_samples"", ""inherited_m3_qc_warning""]",909,0.3632,0.7264,0.74,10.86,"[""delta"", ""theta"", ""sigma"", ""broadband""]",35,"[326735, 1]","[326735, 35]","[true, true, true, true]","{""5"": {""m2_valid_samples"": 3924, ""representation_valid_samples"": 3914, ""representation_invalid_samples"": 10, ""invalid_reason"": ""context_intersects_lfp_feature_startup"", ""checked_samples"": 3, ""causal_check_passed"": true}, ""10"": {""m2_valid_samples"": 3920, ""representation_valid_samples"": 3909, ""representation_invalid_samples"": 11, ""invalid_reason"": ""context_intersects_lfp_feature_startup"", ""checked_samples"": 3, ""causal_check_passed"": true}, ""30"": {""m2_valid_samples"": 3900, ""representation_valid_samples"": 3889, ""representation_invalid_samples"": 11, ""invalid_reason"": ""context_intersects_lfp_feature_startup"", ""checked_samples"": 3, ""causal_check_passed"": true}}","{""5"": {""steps"": 250, ""lfp_waveform"": [250, 1], ""lfp_physio"": [250, 4], ""spike_population_rate"": [250, 1], ""spike_set_counts"": [250, 35], ""neuron_mask"": [35], ""causal_validity_mask"": [250, 4]}, ""10"": {""steps"": 500, ""lfp_waveform"": [500, 1], ""lfp_physio"": [500, 4], ""spike_population_rate"": [500, 1], ""spike_set_counts"": [500, 35], ""neuron_mask"": [35], ""causal_validity_mask"": [500, 4]}, ""30"": {""steps"": 1500, ""lfp_waveform"": [1500, 1], ""lfp_physio"": [1500, 4], ""spike_population_rate"": [1500, 1], ""spike_set_counts"": [1500, 35], ""neuron_mask"": [35], ""causal_validity_mask"": [1500, 4]}}",True,True,True,False,D:\工作相关\望道项目\work\cache\milestone4\0c0f750b0f83f0a2\BWRat17_121912,m4-v1.1.0,e4879fcb53b76286b317460fafdf56cd352b9e00bd766910f1ebca35ebec8a26,
BWRat18,BWRat18_020513,WARN,7591.0,1250.0,50,25,379550,0.0,[59],"[""MotorCtx""]","{""good_eeg"": {""source_field"": ""goodeegchannel"", ""source_indexing"": ""MATLAB_1_based"", ""physical_channel_one_based"": 59, ""numpy_column_zero_based"": 58, ""anatomy_provenance"": ""MotorCtx""}, ""theta"": {""source_field"": ""Thetachannel"", ""source_indexing"": ""MATLAB_1_based"", ""physical_channel_one_based"": 113, ""numpy_column_zero_based"": 112, ""anatomy_provenance"": ""piriformL3""}, ""spindle"": {""source_field"": ""Spindlechannel"", ""source_indexing"": ""MATLAB_1_based"", ""physical_channel_one_based"": 59, ""numpy_column_zero_based"": 58, ""anatomy_provenance"": ""MotorCtx""}, ""up_state"": {""source_field"": ""UPstatechannel"", ""source_indexing"": ""MATLAB_1_based"", ""physical_channel_one_based"": 59, ""numpy_column_zero_based"": 58, ""anatomy_provenance"": ""MotorCtx""}}","{""delta"": ""good_eeg"", ""theta"": ""theta"", ""sigma"": ""spindle"", ""broadband"": ""good_eeg""}",[],[true],"[""functional_roles_share_physical_channel_provenance"", ""startup_transient_masks_early_m2_samples"", ""inherited_m3_qc_warning""]",909,0.3632,0.7264,0.74,10.86,"[""delta"", ""theta"", ""sigma"", ""broadband""]",40,"[379550, 1]","[379550, 40]","[true, true, true, true]","{""5"": {""m2_valid_samples"": 6781, ""representation_valid_samples"": 6771, ""representation_invalid_samples"": 10, ""invalid_reason"": ""context_intersects_lfp_feature_startup"", ""checked_samples"": 3, ""causal_check_passed"": true}, ""10"": {""m2_valid_samples"": 6777, ""representation_valid_samples"": 6766, ""representation_invalid_samples"": 11, ""invalid_reason"": ""context_intersects_lfp_feature_startup"", ""checked_samples"": 3, ""causal_check_passed"": true}, ""30"": {""m2_valid_samples"": 6757, ""representation_valid_samples"": 6746, ""representation_invalid_samples"": 11, ""invalid_reason"": ""context_intersects_lfp_feature_startup"", ""checked_samples"": 3, ""causal_check_passed"": true}}","{""5"": {""steps"": 250, ""lfp_waveform"": [250, 1], ""lfp_physio"": [250, 4], ""spike_population_rate"": [250, 1], ""spike_set_counts"": [250, 40], ""neuron_mask"": [40], ""causal_validity_mask"": [250, 4]}, ""10"": {""steps"": 500, ""lfp_waveform"": [500, 1], ""lfp_physio"": [500, 4], ""spike_population_rate"": [500, 1], ""spike_set_counts"": [500, 40], ""neuron_mask"": [40], ""causal_validity_mask"": [500, 4]}, ""30"": {""steps"": 1500, ""lfp_waveform"": [1500, 1], ""lfp_physio"": [1500, 4], ""spike_population_rate"": [1500, 1], ""spike_set_counts"": [1500, 40], ""neuron_mask"": [40], ""causal_validity_mask"": [1500, 4]}}",True,True,True,False,D:\工作相关\望道项目\work\cache\milestone4\0c0f750b0f83f0a2\BWRat18_020513,m4-v1.1.0,e4879fcb53b76286b317460fafdf56cd352b9e00bd766910f1ebca35ebec8a26,
BWRat19,BWRat19_032413,WARN,5013.4,1250.0,50,25,250670,0.0,[54],"[""MotorCtx""]","{""good_eeg"": {""source_field"": ""goodeegchannel"", ""source_indexing"": ""MATLAB_1_based"", ""physical_channel_one_based"": 54, ""numpy_column_zero_based"": 53, ""anatomy_provenance"": ""MotorCtx""}, ""theta"": {""source_field"": ""Thetachannel"", ""source_indexing"": ""MATLAB_1_based"", ""physical_channel_one_based"": 54, ""numpy_column_zero_based"": 53, ""anatomy_provenance"": ""MotorCtx""}, ""spindle"": {""source_field"": ""Spindlechannel"", ""source_indexing"": ""MATLAB_1_based"", ""physical_channel_one_based"": 54, ""numpy_column_zero_based"": 53, ""anatomy_provenance"": ""MotorCtx""}, ""up_state"": {""source_field"": ""UPstatechannel"", ""source_indexing"": ""MATLAB_1_based"", ""physical_channel_one_based"": 54, ""numpy_column_zero_based"": 53, ""anatomy_provenance"": ""MotorCtx""}}","{""delta"": ""good_eeg"", ""theta"": ""theta"", ""sigma"": ""spindle"", ""broadband"": ""good_eeg""}",[],[true],"[""functional_roles_share_physical_channel_provenance"", ""startup_transient_masks_early_m2_samples"", ""inherited_m3_qc_warning""]",909,0.3632,0.7264,0.74,10.86,"[""delta"", ""theta"", ""sigma"", ""broadband""]",50,"[250670, 1]","[250670, 50]","[true, true, true, true]","{""5"": {""m2_valid_samples"": 3573, ""representation_valid_samples"": 3563, ""representation_invalid_samples"": 10, ""invalid_reason"": ""context_intersects_lfp_feature_startup"", ""checked_samples"": 3, ""causal_check_passed"": true}, ""10"": {""m2_valid_samples"": 3569, ""representation_valid_samples"": 3558, ""representation_invalid_samples"": 11, ""invalid_reason"": ""context_intersects_lfp_feature_startup"", ""checked_samples"": 3, ""causal_check_passed"": true}, ""30"": {""m2_valid_samples"": 3549, ""representation_valid_samples"": 3538, ""representation_invalid_samples"": 11, ""invalid_reason"": ""context_intersects_lfp_feature_startup"", ""checked_samples"": 3, ""causal_check_passed"": true}}","{""5"": {""steps"": 250, ""lfp_waveform"": [250, 1], ""lfp_physio"": [250, 4], ""spike_population_rate"": [250, 1], ""spike_set_counts"": [250, 50], ""neuron_mask"": [50], ""causal_validity_mask"": [250, 4]}, ""10"": {""steps"": 500, ""lfp_waveform"": [500, 1], ""lfp_physio"": [500, 4], ""spike_population_rate"": [500, 1], ""spike_set_counts"": [500, 50], ""neuron_mask"": [50], ""causal_validity_mask"": [500, 4]}, ""30"": {""steps"": 1500, ""lfp_waveform"": [1500, 1], ""lfp_physio"": [1500, 4], ""spike_population_rate"": [1500, 1], ""spike_set_counts"": [1500, 50], ""neuron_mask"": [50], ""causal_validity_mask"": [1500, 4]}}",True,True,True,False,D:\工作相关\望道项目\work\cache\milestone4\0c0f750b0f83f0a2\BWRat19_032413,m4-v1.1.0,e4879fcb53b76286b317460fafdf56cd352b9e00bd766910f1ebca35ebec8a26,
BWRat19,BWRat19_032513,WARN,3928.8,1250.0,50,25,196440,0.0,[24],"[""MotorCtx""]","{""good_eeg"": {""source_field"": ""goodeegchannel"", ""source_indexing"": ""MATLAB_1_based"", ""physical_channel_one_based"": 24, ""numpy_column_zero_based"": 23, ""anatomy_provenance"": ""MotorCtx""}, ""theta"": {""source_field"": ""Thetachannel"", ""source_indexing"": ""MATLAB_1_based"", ""physical_channel_one_based"": 8, ""numpy_column_zero_based"": 7, ""anatomy_provenance"": ""MotorCtx""}, ""spindle"": {""source_field"": ""Spindlechannel"", ""source_indexing"": ""MATLAB_1_based"", ""physical_channel_one_based"": 24, ""numpy_column_zero_based"": 23, ""anatomy_provenance"": ""MotorCtx""}, ""up_state"": {""source_field"": ""UPstatechannel"", ""source_indexing"": ""MATLAB_1_based"", ""physical_channel_one_based"": 24, ""numpy_column_zero_based"": 23, ""anatomy_provenance"": ""MotorCtx""}}","{""delta"": ""good_eeg"", ""theta"": ""theta"", ""sigma"": ""spindle"", ""broadband"": ""good_eeg""}",[],[true],"[""functional_roles_share_physical_channel_provenance"", ""inherited_m3_qc_warning""]",909,0.3632,0.7264,0.74,10.86,"[""delta"", ""theta"", ""sigma"", ""broadband""]",61,"[196440, 1]","[196440, 61]","[true, true, true, true]","{""5"": {""m2_valid_samples"": 1767, ""representation_valid_samples"": 1767, ""representation_invalid_samples"": 0, ""invalid_reason"": null, ""checked_samples"": 3, ""causal_check_passed"": true}, ""10"": {""m2_valid_samples"": 1767, ""representation_valid_samples"": 1767, ""representation_invalid_samples"": 0, ""invalid_reason"": null, ""checked_samples"": 3, ""causal_check_passed"": true}, ""30"": {""m2_valid_samples"": 1767, ""representation_valid_samples"": 1767, ""representation_invalid_samples"": 0, ""invalid_reason"": null, ""checked_samples"": 3, ""causal_check_passed"": true}}","{""5"": {""steps"": 250, ""lfp_waveform"": [250, 1], ""lfp_physio"": [250, 4], ""spike_population_rate"": [250, 1], ""spike_set_counts"": [250, 61], ""neuron_mask"": [61], ""causal_validity_mask"": [250, 4]}, ""10"": {""steps"": 500, ""lfp_waveform"": [500, 1], ""lfp_physio"": [500, 4], ""spike_population_rate"": [500, 1], ""spike_set_counts"": [500, 61], ""neuron_mask"": [61], ""causal_validity_mask"": [500, 4]}, ""30"": {""steps"": 1500, ""lfp_waveform"": [1500, 1], ""lfp_physio"": [1500, 4], ""spike_population_rate"": [1500, 1], ""spike_set_counts"": [1500, 61], ""neuron_mask"": [61], ""causal_validity_mask"": [1500, 4]}}",True,True,True,False,D:\工作相关\望道项目\work\cache\milestone4\0c0f750b0f83f0a2\BWRat19_032513,m4-v1.1.0,e4879fcb53b76286b317460fafdf56cd352b9e00bd766910f1ebca35ebec8a26,
BWRat20,BWRat20_101013,WARN,13364.3,1250.0,50,25,668215,0.0,[22],"[""ACC""]","{""good_eeg"": {""source_field"": ""goodeegchannel"", ""source_indexing"": ""MATLAB_1_based"", ""physical_channel_one_based"": 22, ""numpy_column_zero_based"": 21, ""anatomy_provenance"": ""ACC""}, ""theta"": {""source_field"": ""Thetachannel"", ""source_indexing"": ""MATLAB_1_based"", ""physical_channel_one_based"": 25, ""numpy_column_zero_based"": 24, ""anatomy_provenance"": ""ACC""}, ""spindle"": {""source_field"": ""Spindlechannel"", ""source_indexing"": ""MATLAB_1_based"", ""physical_channel_one_based"": 59, ""numpy_column_zero_based"": 58, ""anatomy_provenance"": ""ACC""}, ""up_state"": {""source_field"": ""UPstatechannel"", ""source_indexing"": ""MATLAB_1_based"", ""physical_channel_one_based"": 22, ""numpy_column_zero_based"": 21, ""anatomy_provenance"": ""ACC""}}","{""delta"": ""good_eeg"", ""theta"": ""theta"", ""sigma"": ""spindle"", ""broadband"": ""good_eeg""}",[],[true],"[""functional_roles_share_physical_channel_provenance"", ""inherited_m3_qc_warning""]",909,0.3632,0.7264,0.74,10.86,"[""delta"", ""theta"", ""sigma"", ""broadband""]",22,"[668215, 1]","[668215, 22]","[true, true, true, true]","{""5"": {""m2_valid_samples"": 3301, ""representation_valid_samples"": 3301, ""representation_invalid_samples"": 0, ""invalid_reason"": null, ""checked_samples"": 3, ""causal_check_passed"": true}, ""10"": {""m2_valid_samples"": 3301, ""representation_valid_samples"": 3301, ""representation_invalid_samples"": 0, ""invalid_reason"": null, ""checked_samples"": 3, ""causal_check_passed"": true}, ""30"": {""m2_valid_samples"": 3301, ""representation_valid_samples"": 3301, ""representation_invalid_samples"": 0, ""invalid_reason"": null, ""checked_samples"": 3, ""causal_check_passed"": true}}","{""5"": {""steps"": 250, ""lfp_waveform"": [250, 1], ""lfp_physio"": [250, 4], ""spike_population_rate"": [250, 1], ""spike_set_counts"": [250, 22], ""neuron_mask"": [22], ""causal_validity_mask"": [250, 4]}, ""10"": {""steps"": 500, ""lfp_waveform"": [500, 1], ""lfp_physio"": [500, 4], ""spike_population_rate"": [500, 1], ""spike_set_counts"": [500, 22], ""neuron_mask"": [22], ""causal_validity_mask"": [500, 4]}, ""30"": {""steps"": 1500, ""lfp_waveform"": [1500, 1], ""lfp_physio"": [1500, 4], ""spike_population_rate"": [1500, 1], ""spike_set_counts"": [1500, 22], ""neuron_mask"": [22], ""causal_validity_mask"": [1500, 4]}}",True,True,True,False,D:\工作相关\望道项目\work\cache\milestone4\0c0f750b0f83f0a2\BWRat20_101013,m4-v1.1.0,e4879fcb53b76286b317460fafdf56cd352b9e00bd766910f1ebca35ebec8a26,
BWRat20,BWRat20_101513,WARN,23012.0,1250.0,50,25,1150600,0.0,[61],"[""ACC""]","{""good_eeg"": {""source_field"": ""goodeegchannel"", ""source_indexing"": ""MATLAB_1_based"", ""physical_channel_one_based"": 61, ""numpy_column_zero_based"": 60, ""anatomy_provenance"": ""ACC""}, ""theta"": {""source_field"": ""Thetachannel"", ""source_indexing"": ""MATLAB_1_based"", ""physical_channel_one_based"": 22, ""numpy_column_zero_based"": 21, ""anatomy_provenance"": ""ACC""}, ""spindle"": {""source_field"": ""Spindlechannel"", ""source_indexing"": ""MATLAB_1_based"", ""physical_channel_one_based"": 61, ""numpy_column_zero_based"": 60, ""anatomy_provenance"": ""ACC""}, ""up_state"": {""source_field"": ""UPstatechannel"", ""source_indexing"": ""MATLAB_1_based"", ""physical_channel_one_based"": 61, ""numpy_column_zero_based"": 60, ""anatomy_provenance"": ""ACC""}}","{""delta"": ""good_eeg"", ""theta"": ""theta"", ""sigma"": ""spindle"", ""broadband"": ""good_eeg""}",[],[true],"[""functional_roles_share_physical_channel_provenance"", ""inherited_m3_qc_warning""]",909,0.3632,0.7264,0.74,10.86,"[""delta"", ""theta"", ""sigma"", ""broadband""]",66,"[1150600, 1]","[1150600, 66]","[true, true, true, true]","{""5"": {""m2_valid_samples"": 7241, ""representation_valid_samples"": 7241, ""representation_invalid_samples"": 0, ""invalid_reason"": null, ""checked_samples"": 3, ""causal_check_passed"": true}, ""10"": {""m2_valid_samples"": 7241, ""representation_valid_samples"": 7241, ""representation_invalid_samples"": 0, ""invalid_reason"": null, ""checked_samples"": 3, ""causal_check_passed"": true}, ""30"": {""m2_valid_samples"": 7241, ""representation_valid_samples"": 7241, ""representation_invalid_samples"": 0, ""invalid_reason"": null, ""checked_samples"": 3, ""causal_check_passed"": true}}","{""5"": {""steps"": 250, ""lfp_waveform"": [250, 1], ""lfp_physio"": [250, 4], ""spike_population_rate"": [250, 1], ""spike_set_counts"": [250, 66], ""neuron_mask"": [66], ""causal_validity_mask"": [250, 4]}, ""10"": {""steps"": 500, ""lfp_waveform"": [500, 1], ""lfp_physio"": [500, 4], ""spike_population_rate"": [500, 1], ""spike_set_counts"": [500, 66], ""neuron_mask"": [66], ""causal_validity_mask"": [500, 4]}, ""30"": {""steps"": 1500, ""lfp_waveform"": [1500, 1], ""lfp_physio"": [1500, 4], ""spike_population_rate"": [1500, 1], ""spike_set_counts"": [1500, 66], ""neuron_mask"": [66], ""causal_validity_mask"": [1500, 4]}}",True,True,True,False,D:\工作相关\望道项目\work\cache\milestone4\0c0f750b0f83f0a2\BWRat20_101513,m4-v1.1.0,e4879fcb53b76286b317460fafdf56cd352b9e00bd766910f1ebca35ebec8a26,
BWRat21,BWRat21_121113,WARN,21883.2,1250.0,50,25,1094160,0.0,[14],"[""mPFC""]","{""good_eeg"": {""source_field"": ""goodeegchannel"", ""source_indexing"": ""MATLAB_1_based"", ""physical_channel_one_based"": 14, ""numpy_column_zero_based"": 13, ""anatomy_provenance"": ""mPFC""}, ""theta"": {""source_field"": ""Thetachannel"", ""source_indexing"": ""MATLAB_1_based"", ""physical_channel_one_based"": 60, ""numpy_column_zero_based"": 59, ""anatomy_provenance"": null}, ""spindle"": {""source_field"": ""Spindlechannel"", ""source_indexing"": ""MATLAB_1_based"", ""physical_channel_one_based"": 7, ""numpy_column_zero_based"": 6, ""anatomy_provenance"": ""mPFC""}, ""up_state"": {""source_field"": ""UPstatechannel"", ""source_indexing"": ""MATLAB_1_based"", ""physical_channel_one_based"": 14, ""numpy_column_zero_based"": 13, ""anatomy_provenance"": ""mPFC""}}","{""delta"": ""good_eeg"", ""theta"": ""theta"", ""sigma"": ""spindle"", ""broadband"": ""good_eeg""}",[],[true],"[""functional_roles_share_physical_channel_provenance"", ""inherited_m3_qc_warning""]",909,0.3632,0.7264,0.74,10.86,"[""delta"", ""theta"", ""sigma"", ""broadband""]",32,"[1094160, 1]","[1094160, 32]","[true, true, true, true]","{""5"": {""m2_valid_samples"": 6785, ""representation_valid_samples"": 6785, ""representation_invalid_samples"": 0, ""invalid_reason"": null, ""checked_samples"": 3, ""causal_check_passed"": true}, ""10"": {""m2_valid_samples"": 6785, ""representation_valid_samples"": 6785, ""representation_invalid_samples"": 0, ""invalid_reason"": null, ""checked_samples"": 3, ""causal_check_passed"": true}, ""30"": {""m2_valid_samples"": 6785, ""representation_valid_samples"": 6785, ""representation_invalid_samples"": 0, ""invalid_reason"": null, ""checked_samples"": 3, ""causal_check_passed"": true}}","{""5"": {""steps"": 250, ""lfp_waveform"": [250, 1], ""lfp_physio"": [250, 4], ""spike_population_rate"": [250, 1], ""spike_set_counts"": [250, 32], ""neuron_mask"": [32], ""causal_validity_mask"": [250, 4]}, ""10"": {""steps"": 500, ""lfp_waveform"": [500, 1], ""lfp_physio"": [500, 4], ""spike_population_rate"": [500, 1], ""spike_set_counts"": [500, 32], ""neuron_mask"": [32], ""causal_validity_mask"": [500, 4]}, ""30"": {""steps"": 1500, ""lfp_waveform"": [1500, 1], ""lfp_physio"": [1500, 4], ""spike_population_rate"": [1500, 1], ""spike_set_counts"": [1500, 32], ""neuron_mask"": [32], ""causal_validity_mask"": [1500, 4]}}",True,True,True,False,D:\工作相关\望道项目\work\cache\milestone4\0c0f750b0f83f0a2\BWRat21_121113,m4-v1.1.0,e4879fcb53b76286b317460fafdf56cd352b9e00bd766910f1ebca35ebec8a26,
BWRat21,BWRat21_121613,WARN,21542.1,1250.0,50,25,1077105,0.0,[22],"[""mPFC""]","{""good_eeg"": {""source_field"": ""goodeegchannel"", ""source_indexing"": ""MATLAB_1_based"", ""physical_channel_one_based"": 22, ""numpy_column_zero_based"": 21, ""anatomy_provenance"": ""mPFC""}, ""theta"": {""source_field"": ""Thetachannel"", ""source_indexing"": ""MATLAB_1_based"", ""physical_channel_one_based"": 55, ""numpy_column_zero_based"": 54, ""anatomy_provenance"": ""mPFC""}, ""spindle"": {""source_field"": ""Spindlechannel"", ""source_indexing"": ""MATLAB_1_based"", ""physical_channel_one_based"": 12, ""numpy_column_zero_based"": 11, ""anatomy_provenance"": ""mPFC""}, ""up_state"": {""source_field"": ""UPstatechannel"", ""source_indexing"": ""MATLAB_1_based"", ""physical_channel_one_based"": 22, ""numpy_column_zero_based"": 21, ""anatomy_provenance"": ""mPFC""}}","{""delta"": ""good_eeg"", ""theta"": ""theta"", ""sigma"": ""spindle"", ""broadband"": ""good_eeg""}",[],[true],"[""functional_roles_share_physical_channel_provenance"", ""inherited_m3_qc_warning""]",909,0.3632,0.7264,0.74,10.86,"[""delta"", ""theta"", ""sigma"", ""broadband""]",21,"[1077105, 1]","[1077105, 21]","[true, true, true, true]","{""5"": {""m2_valid_samples"": 2233, ""representation_valid_samples"": 2233, ""representation_invalid_samples"": 0, ""invalid_reason"": null, ""checked_samples"": 3, ""causal_check_passed"": true}, ""10"": {""m2_valid_samples"": 2233, ""representation_valid_samples"": 2233, ""representation_invalid_samples"": 0, ""invalid_reason"": null, ""checked_samples"": 3, ""causal_check_passed"": true}, ""30"": {""m2_valid_samples"": 2233, ""representation_valid_samples"": 2233, ""representation_invalid_samples"": 0, ""invalid_reason"": null, ""checked_samples"": 3, ""causal_check_passed"": true}}","{""5"": {""steps"": 250, ""lfp_waveform"": [250, 1], ""lfp_physio"": [250, 4], ""spike_population_rate"": [250, 1], ""spike_set_counts"": [250, 21], ""neuron_mask"": [21], ""causal_validity_mask"": [250, 4]}, ""10"": {""steps"": 500, ""lfp_waveform"": [500, 1], ""lfp_physio"": [500, 4], ""spike_population_rate"": [500, 1], ""spike_set_counts"": [500, 21], ""neuron_mask"": [21], ""causal_validity_mask"": [500, 4]}, ""30"": {""steps"": 1500, ""lfp_waveform"": [1500, 1], ""lfp_physio"": [1500, 4], ""spike_population_rate"": [1500, 1], ""spike_set_counts"": [1500, 21], ""neuron_mask"": [21], ""causal_validity_mask"": [1500, 4]}}",True,True,True,False,D:\工作相关\望道项目\work\cache\milestone4\0c0f750b0f83f0a2\BWRat21_121613,m4-v1.1.0,e4879fcb53b76286b317460fafdf56cd352b9e00bd766910f1ebca35ebec8a26,
BWRat21,BWRat21_121813,WARN,21705.8,1250.0,50,25,1085290,0.0,[22],"[""mPFC""]","{""good_eeg"": {""source_field"": ""goodeegchannel"", ""source_indexing"": ""MATLAB_1_based"", ""physical_channel_one_based"": 22, ""numpy_column_zero_based"": 21, ""anatomy_provenance"": ""mPFC""}, ""theta"": {""source_field"": ""Thetachannel"", ""source_indexing"": ""MATLAB_1_based"", ""physical_channel_one_based"": 55, ""numpy_column_zero_based"": 54, ""anatomy_provenance"": ""mPFC""}, ""spindle"": {""source_field"": ""Spindlechannel"", ""source_indexing"": ""MATLAB_1_based"", ""physical_channel_one_based"": 12, ""numpy_column_zero_based"": 11, ""anatomy_provenance"": ""mPFC""}, ""up_state"": {""source_field"": ""UPstatechannel"", ""source_indexing"": ""MATLAB_1_based"", ""physical_channel_one_based"": 22, ""numpy_column_zero_based"": 21, ""anatomy_provenance"": ""mPFC""}}","{""delta"": ""good_eeg"", ""theta"": ""theta"", ""sigma"": ""spindle"", ""broadband"": ""good_eeg""}",[],[true],"[""functional_roles_share_physical_channel_provenance"", ""startup_transient_masks_early_m2_samples"", ""inherited_m3_qc_warning""]",909,0.3632,0.7264,0.74,10.86,"[""delta"", ""theta"", ""sigma"", ""broadband""]",12,"[1085290, 1]","[1085290, 12]","[true, true, true, true]","{""5"": {""m2_valid_samples"": 17435, ""representation_valid_samples"": 17425, ""representation_invalid_samples"": 10, ""invalid_reason"": ""context_intersects_lfp_feature_startup"", ""checked_samples"": 3, ""causal_check_passed"": true}, ""10"": {""m2_valid_samples"": 17431, ""representation_valid_samples"": 17420, ""representation_invalid_samples"": 11, ""invalid_reason"": ""context_intersects_lfp_feature_startup"", ""checked_samples"": 3, ""causal_check_passed"": true}, ""30"": {""m2_valid_samples"": 17411, ""representation_valid_samples"": 17400, ""representation_invalid_samples"": 11, ""invalid_reason"": ""context_intersects_lfp_feature_startup"", ""checked_samples"": 3, ""causal_check_passed"": true}}","{""5"": {""steps"": 250, ""lfp_waveform"": [250, 1], ""lfp_physio"": [250, 4], ""spike_population_rate"": [250, 1], ""spike_set_counts"": [250, 12], ""neuron_mask"": [12], ""causal_validity_mask"": [250, 4]}, ""10"": {""steps"": 500, ""lfp_waveform"": [500, 1], ""lfp_physio"": [500, 4], ""spike_population_rate"": [500, 1], ""spike_set_counts"": [500, 12], ""neuron_mask"": [12], ""causal_validity_mask"": [500, 4]}, ""30"": {""steps"": 1500, ""lfp_waveform"": [1500, 1], ""lfp_physio"": [1500, 4], ""spike_population_rate"": [1500, 1], ""spike_set_counts"": [1500, 12], ""neuron_mask"": [12], ""causal_validity_mask"": [1500, 4]}}",True,True,True,False,D:\工作相关\望道项目\work\cache\milestone4\0c0f750b0f83f0a2\BWRat21_121813,m4-v1.1.0,e4879fcb53b76286b317460fafdf56cd352b9e00bd766910f1ebca35ebec8a26,
Dino,Dino_061814_mPFC,WARN,19646.2,1250.0,50,25,982310,0.0,[69],"[""mPFC""]","{""good_eeg"": {""source_field"": ""goodeegchannel"", ""source_indexing"": ""MATLAB_1_based"", ""physical_channel_one_based"": 69, ""numpy_column_zero_based"": 68, ""anatomy_provenance"": ""mPFC""}, ""theta"": {""source_field"": ""Thetachannel"", ""source_indexing"": ""MATLAB_1_based"", ""physical_channel_one_based"": 7, ""numpy_column_zero_based"": 6, ""anatomy_provenance"": ""ACC""}, ""spindle"": {""source_field"": ""Spindlechannel"", ""source_indexing"": ""MATLAB_1_based"", ""physical_channel_one_based"": 92, ""numpy_column_zero_based"": 91, ""anatomy_provenance"": ""mPFC""}, ""up_state"": {""source_field"": ""UPstatechannel"", ""source_indexing"": ""MATLAB_1_based"", ""physical_channel_one_based"": 69, ""numpy_column_zero_based"": 68, ""anatomy_provenance"": ""mPFC""}}","{""delta"": ""good_eeg"", ""theta"": ""theta"", ""sigma"": ""spindle"", ""broadband"": ""good_eeg""}",[],[true],"[""functional_roles_share_physical_channel_provenance"", ""startup_transient_masks_early_m2_samples"", ""inherited_m3_qc_warning""]",909,0.3632,0.7264,0.74,10.86,"[""delta"", ""theta"", ""sigma"", ""broadband""]",113,"[982310, 1]","[982310, 113]","[true, true, true, true]","{""5"": {""m2_valid_samples"": 7625, ""representation_valid_samples"": 7615, ""representation_invalid_samples"": 10, ""invalid_reason"": ""context_intersects_lfp_feature_startup"", ""checked_samples"": 3, ""causal_check_passed"": true}, ""10"": {""m2_valid_samples"": 7621, ""representation_valid_samples"": 7610, ""representation_invalid_samples"": 11, ""invalid_reason"": ""context_intersects_lfp_feature_startup"", ""checked_samples"": 3, ""causal_check_passed"": true}, ""30"": {""m2_valid_samples"": 7601, ""representation_valid_samples"": 7590, ""representation_invalid_samples"": 11, ""invalid_reason"": ""context_intersects_lfp_feature_startup"", ""checked_samples"": 3, ""causal_check_passed"": true}}","{""5"": {""steps"": 250, ""lfp_waveform"": [250, 1], ""lfp_physio"": [250, 4], ""spike_population_rate"": [250, 1], ""spike_set_counts"": [250, 113], ""neuron_mask"": [113], ""causal_validity_mask"": [250, 4]}, ""10"": {""steps"": 500, ""lfp_waveform"": [500, 1], ""lfp_physio"": [500, 4], ""spike_population_rate"": [500, 1], ""spike_set_counts"": [500, 113], ""neuron_mask"": [113], ""causal_validity_mask"": [500, 4]}, ""30"": {""steps"": 1500, ""lfp_waveform"": [1500, 1], ""lfp_physio"": [1500, 4], ""spike_population_rate"": [1500, 1], ""spike_set_counts"": [1500, 113], ""neuron_mask"": [113], ""causal_validity_mask"": [1500, 4]}}",True,True,True,False,D:\工作相关\望道项目\work\cache\milestone4\0c0f750b0f83f0a2\Dino_061814_mPFC,m4-v1.1.0,e4879fcb53b76286b317460fafdf56cd352b9e00bd766910f1ebca35ebec8a26,
Dino,Dino_061914_ACC,WARN,17519.5496,1250.0,50,25,875977,0.0096,[19],"[""ACC""]","{""good_eeg"": {""source_field"": ""goodeegchannel"", ""source_indexing"": ""MATLAB_1_based"", ""physical_channel_one_based"": 19, ""numpy_column_zero_based"": 18, ""anatomy_provenance"": ""ACC""}, ""theta"": {""source_field"": ""Thetachannel"", ""source_indexing"": ""MATLAB_1_based"", ""physical_channel_one_based"": 129, ""numpy_column_zero_based"": 128, ""anatomy_provenance"": null}, ""spindle"": {""source_field"": ""Spindlechannel"", ""source_indexing"": ""MATLAB_1_based"", ""physical_channel_one_based"": 19, ""numpy_column_zero_based"": 18, ""anatomy_provenance"": ""ACC""}, ""up_state"": {""source_field"": ""UPstatechannel"", ""source_indexing"": ""MATLAB_1_based"", ""physical_channel_one_based"": 19, ""numpy_column_zero_based"": 18, ""anatomy_provenance"": ""ACC""}}","{""delta"": ""good_eeg"", ""theta"": ""theta"", ""sigma"": ""spindle"", ""broadband"": ""good_eeg""}",[],[true],"[""functional_roles_share_physical_channel_provenance"", ""inherited_m3_qc_warning""]",909,0.3632,0.7264,0.74,10.86,"[""delta"", ""theta"", ""sigma"", ""broadband""]",52,"[875977, 1]","[875977, 52]","[true, true, true, true]","{""5"": {""m2_valid_samples"": 2594, ""representation_valid_samples"": 2594, ""representation_invalid_samples"": 0, ""invalid_reason"": null, ""checked_samples"": 3, ""causal_check_passed"": true}, ""10"": {""m2_valid_samples"": 2594, ""representation_valid_samples"": 2594, ""representation_invalid_samples"": 0, ""invalid_reason"": null, ""checked_samples"": 3, ""causal_check_passed"": true}, ""30"": {""m2_valid_samples"": 2594, ""representation_valid_samples"": 2594, ""representation_invalid_samples"": 0, ""invalid_reason"": null, ""checked_samples"": 3, ""causal_check_passed"": true}}","{""5"": {""steps"": 250, ""lfp_waveform"": [250, 1], ""lfp_physio"": [250, 4], ""spike_population_rate"": [250, 1], ""spike_set_counts"": [250, 52], ""neuron_mask"": [52], ""causal_validity_mask"": [250, 4]}, ""10"": {""steps"": 500, ""lfp_waveform"": [500, 1], ""lfp_physio"": [500, 4], ""spike_population_rate"": [500, 1], ""spike_set_counts"": [500, 52], ""neuron_mask"": [52], ""causal_validity_mask"": [500, 4]}, ""30"": {""steps"": 1500, ""lfp_waveform"": [1500, 1], ""lfp_physio"": [1500, 4], ""spike_population_rate"": [1500, 1], ""spike_set_counts"": [1500, 52], ""neuron_mask"": [52], ""causal_validity_mask"": [1500, 4]}}",True,True,True,False,D:\工作相关\望道项目\work\cache\milestone4\0c0f750b0f83f0a2\Dino_061914_ACC,m4-v1.1.0,e4879fcb53b76286b317460fafdf56cd352b9e00bd766910f1ebca35ebec8a26,
Dino,Dino_061914_mPFC,WARN,17519.5496,1250.0,50,25,875977,0.0096,[83],"[""mPFC""]","{""good_eeg"": {""source_field"": ""goodeegchannel"", ""source_indexing"": ""MATLAB_1_based"", ""physical_channel_one_based"": 83, ""numpy_column_zero_based"": 82, ""anatomy_provenance"": ""mPFC""}, ""theta"": {""source_field"": ""Thetachannel"", ""source_indexing"": ""MATLAB_1_based"", ""physical_channel_one_based"": 129, ""numpy_column_zero_based"": 128, ""anatomy_provenance"": null}, ""spindle"": {""source_field"": ""Spindlechannel"", ""source_indexing"": ""MATLAB_1_based"", ""physical_channel_one_based"": 83, ""numpy_column_zero_based"": 82, ""anatomy_provenance"": ""mPFC""}, ""up_state"": {""source_field"": ""UPstatechannel"", ""source_indexing"": ""MATLAB_1_based"", ""physical_channel_one_based"": 83, ""numpy_column_zero_based"": 82, ""anatomy_provenance"": ""mPFC""}}","{""delta"": ""good_eeg"", ""theta"": ""theta"", ""sigma"": ""spindle"", ""broadband"": ""good_eeg""}",[],[true],"[""functional_roles_share_physical_channel_provenance"", ""inherited_m3_qc_warning""]",909,0.3632,0.7264,0.74,10.86,"[""delta"", ""theta"", ""sigma"", ""broadband""]",60,"[875977, 1]","[875977, 60]","[true, true, true, true]","{""5"": {""m2_valid_samples"": 2523, ""representation_valid_samples"": 2523, ""representation_invalid_samples"": 0, ""invalid_reason"": null, ""checked_samples"": 3, ""causal_check_passed"": true}, ""10"": {""m2_valid_samples"": 2523, ""representation_valid_samples"": 2523, ""representation_invalid_samples"": 0, ""invalid_reason"": null, ""checked_samples"": 3, ""causal_check_passed"": true}, ""30"": {""m2_valid_samples"": 2523, ""representation_valid_samples"": 2523, ""representation_invalid_samples"": 0, ""invalid_reason"": null, ""checked_samples"": 3, ""causal_check_passed"": true}}","{""5"": {""steps"": 250, ""lfp_waveform"": [250, 1], ""lfp_physio"": [250, 4], ""spike_population_rate"": [250, 1], ""spike_set_counts"": [250, 60], ""neuron_mask"": [60], ""causal_validity_mask"": [250, 4]}, ""10"": {""steps"": 500, ""lfp_waveform"": [500, 1], ""lfp_physio"": [500, 4], ""spike_population_rate"": [500, 1], ""spike_set_counts"": [500, 60], ""neuron_mask"": [60], ""causal_validity_mask"": [500, 4]}, ""30"": {""steps"": 1500, ""lfp_waveform"": [1500, 1], ""lfp_physio"": [1500, 4], ""spike_population_rate"": [1500, 1], ""spike_set_counts"": [1500, 60], ""neuron_mask"": [60], ""causal_validity_mask"": [1500, 4]}}",True,True,True,False,D:\工作相关\望道项目\work\cache\milestone4\0c0f750b0f83f0a2\Dino_061914_mPFC,m4-v1.1.0,e4879fcb53b76286b317460fafdf56cd352b9e00bd766910f1ebca35ebec8a26,
Dino,Dino_062014_ACC,WARN,22363.2,1250.0,50,25,1118160,0.0,[18],"[""ACC""]","{""good_eeg"": {""source_field"": ""goodeegchannel"", ""source_indexing"": ""MATLAB_1_based"", ""physical_channel_one_based"": 18, ""numpy_column_zero_based"": 17, ""anatomy_provenance"": ""ACC""}, ""theta"": {""source_field"": ""Thetachannel"", ""source_indexing"": ""MATLAB_1_based"", ""physical_channel_one_based"": 129, ""numpy_column_zero_based"": 128, ""anatomy_provenance"": null}, ""spindle"": {""source_field"": ""Spindlechannel"", ""source_indexing"": ""MATLAB_1_based"", ""physical_channel_one_based"": 14, ""numpy_column_zero_based"": 13, ""anatomy_provenance"": ""ACC""}, ""up_state"": {""source_field"": ""UPstatechannel"", ""source_indexing"": ""MATLAB_1_based"", ""physical_channel_one_based"": 18, ""numpy_column_zero_based"": 17, ""anatomy_provenance"": ""ACC""}}","{""delta"": ""good_eeg"", ""theta"": ""theta"", ""sigma"": ""spindle"", ""broadband"": ""good_eeg""}",[],[true],"[""functional_roles_share_physical_channel_provenance"", ""inherited_m3_qc_warning""]",909,0.3632,0.7264,0.74,10.86,"[""delta"", ""theta"", ""sigma"", ""broadband""]",24,"[1118160, 1]","[1118160, 24]","[true, true, true, true]","{""5"": {""m2_valid_samples"": 12432, ""representation_valid_samples"": 12432, ""representation_invalid_samples"": 0, ""invalid_reason"": null, ""checked_samples"": 3, ""causal_check_passed"": true}, ""10"": {""m2_valid_samples"": 12432, ""representation_valid_samples"": 12432, ""representation_invalid_samples"": 0, ""invalid_reason"": null, ""checked_samples"": 3, ""causal_check_passed"": true}, ""30"": {""m2_valid_samples"": 12432, ""representation_valid_samples"": 12432, ""representation_invalid_samples"": 0, ""invalid_reason"": null, ""checked_samples"": 3, ""causal_check_passed"": true}}","{""5"": {""steps"": 250, ""lfp_waveform"": [250, 1], ""lfp_physio"": [250, 4], ""spike_population_rate"": [250, 1], ""spike_set_counts"": [250, 24], ""neuron_mask"": [24], ""causal_validity_mask"": [250, 4]}, ""10"": {""steps"": 500, ""lfp_waveform"": [500, 1], ""lfp_physio"": [500, 4], ""spike_population_rate"": [500, 1], ""spike_set_counts"": [500, 24], ""neuron_mask"": [24], ""causal_validity_mask"": [500, 4]}, ""30"": {""steps"": 1500, ""lfp_waveform"": [1500, 1], ""lfp_physio"": [1500, 4], ""spike_population_rate"": [1500, 1], ""spike_set_counts"": [1500, 24], ""neuron_mask"": [24], ""causal_validity_mask"": [1500, 4]}}",True,True,True,False,D:\工作相关\望道项目\work\cache\milestone4\0c0f750b0f83f0a2\Dino_062014_ACC,m4-v1.1.0,e4879fcb53b76286b317460fafdf56cd352b9e00bd766910f1ebca35ebec8a26,
Dino,Dino_062014_mPFC,WARN,22363.2,1250.0,50,25,1118160,0.0,[83],"[""mPFC""]","{""good_eeg"": {""source_field"": ""goodeegchannel"", ""source_indexing"": ""MATLAB_1_based"", ""physical_channel_one_based"": 83, ""numpy_column_zero_based"": 82, ""anatomy_provenance"": ""mPFC""}, ""theta"": {""source_field"": ""Thetachannel"", ""source_indexing"": ""MATLAB_1_based"", ""physical_channel_one_based"": 129, ""numpy_column_zero_based"": 128, ""anatomy_provenance"": null}, ""spindle"": {""source_field"": ""Spindlechannel"", ""source_indexing"": ""MATLAB_1_based"", ""physical_channel_one_based"": 83, ""numpy_column_zero_based"": 82, ""anatomy_provenance"": ""mPFC""}, ""up_state"": {""source_field"": ""UPstatechannel"", ""source_indexing"": ""MATLAB_1_based"", ""physical_channel_one_based"": 83, ""numpy_column_zero_based"": 82, ""anatomy_provenance"": ""mPFC""}}","{""delta"": ""good_eeg"", ""theta"": ""theta"", ""sigma"": ""spindle"", ""broadband"": ""good_eeg""}",[],[true],"[""functional_roles_share_physical_channel_provenance"", ""inherited_m3_qc_warning""]",909,0.3632,0.7264,0.74,10.86,"[""delta"", ""theta"", ""sigma"", ""broadband""]",36,"[1118160, 1]","[1118160, 36]","[true, true, true, true]","{""5"": {""m2_valid_samples"": 6869, ""representation_valid_samples"": 6869, ""representation_invalid_samples"": 0, ""invalid_reason"": null, ""checked_samples"": 3, ""causal_check_passed"": true}, ""10"": {""m2_valid_samples"": 6869, ""representation_valid_samples"": 6869, ""representation_invalid_samples"": 0, ""invalid_reason"": null, ""checked_samples"": 3, ""causal_check_passed"": true}, ""30"": {""m2_valid_samples"": 6869, ""representation_valid_samples"": 6869, ""representation_invalid_samples"": 0, ""invalid_reason"": null, ""checked_samples"": 3, ""causal_check_passed"": true}}","{""5"": {""steps"": 250, ""lfp_waveform"": [250, 1], ""lfp_physio"": [250, 4], ""spike_population_rate"": [250, 1], ""spike_set_counts"": [250, 36], ""neuron_mask"": [36], ""causal_validity_mask"": [250, 4]}, ""10"": {""steps"": 500, ""lfp_waveform"": [500, 1], ""lfp_physio"": [500, 4], ""spike_population_rate"": [500, 1], ""spike_set_counts"": [500, 36], ""neuron_mask"": [36], ""causal_validity_mask"": [500, 4]}, ""30"": {""steps"": 1500, ""lfp_waveform"": [1500, 1], ""lfp_physio"": [1500, 4], ""spike_population_rate"": [1500, 1], ""spike_set_counts"": [1500, 36], ""neuron_mask"": [36], ""causal_validity_mask"": [1500, 4]}}",True,True,True,False,D:\工作相关\望道项目\work\cache\milestone4\0c0f750b0f83f0a2\Dino_062014_mPFC,m4-v1.1.0,e4879fcb53b76286b317460fafdf56cd352b9e00bd766910f1ebca35ebec8a26,
Dino,Dino_072114_mPFC,WARN,7958.7,1250.0,50,25,397935,0.0,[120],"[""mPFC""]","{""good_eeg"": {""source_field"": ""goodeegchannel"", ""source_indexing"": ""MATLAB_1_based"", ""physical_channel_one_based"": 120, ""numpy_column_zero_based"": 119, ""anatomy_provenance"": ""mPFC""}, ""theta"": {""source_field"": ""Thetachannel"", ""source_indexing"": ""MATLAB_1_based"", ""physical_channel_one_based"": 120, ""numpy_column_zero_based"": 119, ""anatomy_provenance"": ""mPFC""}, ""spindle"": {""source_field"": ""Spindlechannel"", ""source_indexing"": ""MATLAB_1_based"", ""physical_channel_one_based"": 106, ""numpy_column_zero_based"": 105, ""anatomy_provenance"": ""mPFC""}, ""up_state"": {""source_field"": ""UPstatechannel"", ""source_indexing"": ""MATLAB_1_based"", ""physical_channel_one_based"": 120, ""numpy_column_zero_based"": 119, ""anatomy_provenance"": ""mPFC""}}","{""delta"": ""good_eeg"", ""theta"": ""theta"", ""sigma"": ""spindle"", ""broadband"": ""good_eeg""}",[],[true],"[""functional_roles_share_physical_channel_provenance"", ""startup_transient_masks_early_m2_samples"", ""inherited_m3_qc_warning""]",909,0.3632,0.7264,0.74,10.86,"[""delta"", ""theta"", ""sigma"", ""broadband""]",18,"[397935, 1]","[397935, 18]","[true, true, true, true]","{""5"": {""m2_valid_samples"": 4552, ""representation_valid_samples"": 4542, ""representation_invalid_samples"": 10, ""invalid_reason"": ""context_intersects_lfp_feature_startup"", ""checked_samples"": 3, ""causal_check_passed"": true}, ""10"": {""m2_valid_samples"": 4548, ""representation_valid_samples"": 4537, ""representation_invalid_samples"": 11, ""invalid_reason"": ""context_intersects_lfp_feature_startup"", ""checked_samples"": 3, ""causal_check_passed"": true}, ""30"": {""m2_valid_samples"": 4528, ""representation_valid_samples"": 4517, ""representation_invalid_samples"": 11, ""invalid_reason"": ""context_intersects_lfp_feature_startup"", ""checked_samples"": 3, ""causal_check_passed"": true}}","{""5"": {""steps"": 250, ""lfp_waveform"": [250, 1], ""lfp_physio"": [250, 4], ""spike_population_rate"": [250, 1], ""spike_set_counts"": [250, 18], ""neuron_mask"": [18], ""causal_validity_mask"": [250, 4]}, ""10"": {""steps"": 500, ""lfp_waveform"": [500, 1], ""lfp_physio"": [500, 4], ""spike_population_rate"": [500, 1], ""spike_set_counts"": [500, 18], ""neuron_mask"": [18], ""causal_validity_mask"": [500, 4]}, ""30"": {""steps"": 1500, ""lfp_waveform"": [1500, 1], ""lfp_physio"": [1500, 4], ""spike_population_rate"": [1500, 1], ""spike_set_counts"": [1500, 18], ""neuron_mask"": [18], ""causal_validity_mask"": [1500, 4]}}",True,True,True,False,D:\工作相关\望道项目\work\cache\milestone4\0c0f750b0f83f0a2\Dino_072114_mPFC,m4-v1.1.0,e4879fcb53b76286b317460fafdf56cd352b9e00bd766910f1ebca35ebec8a26,
Dino,Dino_072314_mPFC,WARN,10321.1,1250.0,50,25,516055,0.0,[120],"[""mPFC""]","{""good_eeg"": {""source_field"": ""goodeegchannel"", ""source_indexing"": ""MATLAB_1_based"", ""physical_channel_one_based"": 120, ""numpy_column_zero_based"": 119, ""anatomy_provenance"": ""mPFC""}, ""theta"": {""source_field"": ""Thetachannel"", ""source_indexing"": ""MATLAB_1_based"", ""physical_channel_one_based"": 120, ""numpy_column_zero_based"": 119, ""anatomy_provenance"": ""mPFC""}, ""spindle"": {""source_field"": ""Spindlechannel"", ""source_indexing"": ""MATLAB_1_based"", ""physical_channel_one_based"": 106, ""numpy_column_zero_based"": 105, ""anatomy_provenance"": ""mPFC""}, ""up_state"": {""source_field"": ""UPstatechannel"", ""source_indexing"": ""MATLAB_1_based"", ""physical_channel_one_based"": 120, ""numpy_column_zero_based"": 119, ""anatomy_provenance"": ""mPFC""}}","{""delta"": ""good_eeg"", ""theta"": ""theta"", ""sigma"": ""spindle"", ""broadband"": ""good_eeg""}",[],[true],"[""functional_roles_share_physical_channel_provenance"", ""startup_transient_masks_early_m2_samples"", ""inherited_m3_qc_warning""]",909,0.3632,0.7264,0.74,10.86,"[""delta"", ""theta"", ""sigma"", ""broadband""]",16,"[516055, 1]","[516055, 16]","[true, true, true, true]","{""5"": {""m2_valid_samples"": 4088, ""representation_valid_samples"": 4078, ""representation_invalid_samples"": 10, ""invalid_reason"": ""context_intersects_lfp_feature_startup"", ""checked_samples"": 3, ""causal_check_passed"": true}, ""10"": {""m2_valid_samples"": 4084, ""representation_valid_samples"": 4073, ""representation_invalid_samples"": 11, ""invalid_reason"": ""context_intersects_lfp_feature_startup"", ""checked_samples"": 3, ""causal_check_passed"": true}, ""30"": {""m2_valid_samples"": 4064, ""representation_valid_samples"": 4053, ""representation_invalid_samples"": 11, ""invalid_reason"": ""context_intersects_lfp_feature_startup"", ""checked_samples"": 3, ""causal_check_passed"": true}}","{""5"": {""steps"": 250, ""lfp_waveform"": [250, 1], ""lfp_physio"": [250, 4], ""spike_population_rate"": [250, 1], ""spike_set_counts"": [250, 16], ""neuron_mask"": [16], ""causal_validity_mask"": [250, 4]}, ""10"": {""steps"": 500, ""lfp_waveform"": [500, 1], ""lfp_physio"": [500, 4], ""spike_population_rate"": [500, 1], ""spike_set_counts"": [500, 16], ""neuron_mask"": [16], ""causal_validity_mask"": [500, 4]}, ""30"": {""steps"": 1500, ""lfp_waveform"": [1500, 1], ""lfp_physio"": [1500, 4], ""spike_population_rate"": [1500, 1], ""spike_set_counts"": [1500, 16], ""neuron_mask"": [16], ""causal_validity_mask"": [1500, 4]}}",True,True,True,False,D:\工作相关\望道项目\work\cache\milestone4\0c0f750b0f83f0a2\Dino_072314_mPFC,m4-v1.1.0,e4879fcb53b76286b317460fafdf56cd352b9e00bd766910f1ebca35ebec8a26,
Dino,Dino_072414_mPFC,WARN,13208.8,1250.0,50,25,660440,0.0,[120],"[""mPFC""]","{""good_eeg"": {""source_field"": ""goodeegchannel"", ""source_indexing"": ""MATLAB_1_based"", ""physical_channel_one_based"": 120, ""numpy_column_zero_based"": 119, ""anatomy_provenance"": ""mPFC""}, ""theta"": {""source_field"": ""Thetachannel"", ""source_indexing"": ""MATLAB_1_based"", ""physical_channel_one_based"": 120, ""numpy_column_zero_based"": 119, ""anatomy_provenance"": ""mPFC""}, ""spindle"": {""source_field"": ""Spindlechannel"", ""source_indexing"": ""MATLAB_1_based"", ""physical_channel_one_based"": 106, ""numpy_column_zero_based"": 105, ""anatomy_provenance"": ""mPFC""}, ""up_state"": {""source_field"": ""UPstatechannel"", ""source_indexing"": ""MATLAB_1_based"", ""physical_channel_one_based"": 120, ""numpy_column_zero_based"": 119, ""anatomy_provenance"": ""mPFC""}}","{""delta"": ""good_eeg"", ""theta"": ""theta"", ""sigma"": ""spindle"", ""broadband"": ""good_eeg""}",[],[true],"[""functional_roles_share_physical_channel_provenance"", ""inherited_m3_qc_warning""]",909,0.3632,0.7264,0.74,10.86,"[""delta"", ""theta"", ""sigma"", ""broadband""]",46,"[660440, 1]","[660440, 46]","[true, true, true, true]","{""5"": {""m2_valid_samples"": 4259, ""representation_valid_samples"": 4259, ""representation_invalid_samples"": 0, ""invalid_reason"": null, ""checked_samples"": 3, ""causal_check_passed"": true}, ""10"": {""m2_valid_samples"": 4259, ""representation_valid_samples"": 4259, ""representation_invalid_samples"": 0, ""invalid_reason"": null, ""checked_samples"": 3, ""causal_check_passed"": true}, ""30"": {""m2_valid_samples"": 4259, ""representation_valid_samples"": 4259, ""representation_invalid_samples"": 0, ""invalid_reason"": null, ""checked_samples"": 3, ""causal_check_passed"": true}}","{""5"": {""steps"": 250, ""lfp_waveform"": [250, 1], ""lfp_physio"": [250, 4], ""spike_population_rate"": [250, 1], ""spike_set_counts"": [250, 46], ""neuron_mask"": [46], ""causal_validity_mask"": [250, 4]}, ""10"": {""steps"": 500, ""lfp_waveform"": [500, 1], ""lfp_physio"": [500, 4], ""spike_population_rate"": [500, 1], ""spike_set_counts"": [500, 46], ""neuron_mask"": [46], ""causal_validity_mask"": [500, 4]}, ""30"": {""steps"": 1500, ""lfp_waveform"": [1500, 1], ""lfp_physio"": [1500, 4], ""spike_population_rate"": [1500, 1], ""spike_set_counts"": [1500, 46], ""neuron_mask"": [46], ""causal_validity_mask"": [1500, 4]}}",True,True,True,False,D:\工作相关\望道项目\work\cache\milestone4\0c0f750b0f83f0a2\Dino_072414_mPFC,m4-v1.1.0,e4879fcb53b76286b317460fafdf56cd352b9e00bd766910f1ebca35ebec8a26,
JennBuzsaki22,20140526_277um,WARN,13572.36,1250.0,50,25,678618,0.0,[33],"[""mPFC""]","{""good_eeg"": {""source_field"": ""goodeegchannel"", ""source_indexing"": ""MATLAB_1_based"", ""physical_channel_one_based"": 33, ""numpy_column_zero_based"": 32, ""anatomy_provenance"": ""mPFC""}, ""theta"": {""source_field"": ""Thetachannel"", ""source_indexing"": ""MATLAB_1_based"", ""physical_channel_one_based"": 65, ""numpy_column_zero_based"": 64, ""anatomy_provenance"": ""dHipp""}, ""spindle"": {""source_field"": ""Spindlechannel"", ""source_indexing"": ""MATLAB_1_based"", ""physical_channel_one_based"": 33, ""numpy_column_zero_based"": 32, ""anatomy_provenance"": ""mPFC""}, ""up_state"": {""source_field"": ""UPstatechannel"", ""source_indexing"": ""MATLAB_1_based"", ""physical_channel_one_based"": 33, ""numpy_column_zero_based"": 32, ""anatomy_provenance"": ""mPFC""}}","{""delta"": ""good_eeg"", ""theta"": ""theta"", ""sigma"": ""spindle"", ""broadband"": ""good_eeg""}",[],[true],"[""functional_roles_share_physical_channel_provenance"", ""inherited_m3_qc_warning""]",909,0.3632,0.7264,0.74,10.86,"[""delta"", ""theta"", ""sigma"", ""broadband""]",62,"[678618, 1]","[678618, 62]","[true, true, true, true]","{""5"": {""m2_valid_samples"": 5076, ""representation_valid_samples"": 5076, ""representation_invalid_samples"": 0, ""invalid_reason"": null, ""checked_samples"": 3, ""causal_check_passed"": true}, ""10"": {""m2_valid_samples"": 5076, ""representation_valid_samples"": 5076, ""representation_invalid_samples"": 0, ""invalid_reason"": null, ""checked_samples"": 3, ""causal_check_passed"": true}, ""30"": {""m2_valid_samples"": 5076, ""representation_valid_samples"": 5076, ""representation_invalid_samples"": 0, ""invalid_reason"": null, ""checked_samples"": 3, ""causal_check_passed"": true}}","{""5"": {""steps"": 250, ""lfp_waveform"": [250, 1], ""lfp_physio"": [250, 4], ""spike_population_rate"": [250, 1], ""spike_set_counts"": [250, 62], ""neuron_mask"": [62], ""causal_validity_mask"": [250, 4]}, ""10"": {""steps"": 500, ""lfp_waveform"": [500, 1], ""lfp_physio"": [500, 4], ""spike_population_rate"": [500, 1], ""spike_set_counts"": [500, 62], ""neuron_mask"": [62], ""causal_validity_mask"": [500, 4]}, ""30"": {""steps"": 1500, ""lfp_waveform"": [1500, 1], ""lfp_physio"": [1500, 4], ""spike_population_rate"": [1500, 1], ""spike_set_counts"": [1500, 62], ""neuron_mask"": [62], ""causal_validity_mask"": [1500, 4]}}",True,True,True,False,D:\工作相关\望道项目\work\cache\milestone4\0c0f750b0f83f0a2\20140526_277um,m4-v1.1.0,e4879fcb53b76286b317460fafdf56cd352b9e00bd766910f1ebca35ebec8a26,
JennBuzsaki22,20140527_421um,WARN,17615.268,1250.0,50,25,880763,0.008,[9],"[""mPFC""]","{""good_eeg"": {""source_field"": ""goodeegchannel"", ""source_indexing"": ""MATLAB_1_based"", ""physical_channel_one_based"": 9, ""numpy_column_zero_based"": 8, ""anatomy_provenance"": ""mPFC""}, ""theta"": {""source_field"": ""Thetachannel"", ""source_indexing"": ""MATLAB_1_based"", ""physical_channel_one_based"": 65, ""numpy_column_zero_based"": 64, ""anatomy_provenance"": ""dHipp""}, ""spindle"": {""source_field"": ""Spindlechannel"", ""source_indexing"": ""MATLAB_1_based"", ""physical_channel_one_based"": 9, ""numpy_column_zero_based"": 8, ""anatomy_provenance"": ""mPFC""}, ""up_state"": {""source_field"": ""UPstatechannel"", ""source_indexing"": ""MATLAB_1_based"", ""physical_channel_one_based"": 9, ""numpy_column_zero_based"": 8, ""anatomy_provenance"": ""mPFC""}}","{""delta"": ""good_eeg"", ""theta"": ""theta"", ""sigma"": ""spindle"", ""broadband"": ""good_eeg""}",[],[true],"[""functional_roles_share_physical_channel_provenance"", ""inherited_m3_qc_warning""]",909,0.3632,0.7264,0.74,10.86,"[""delta"", ""theta"", ""sigma"", ""broadband""]",29,"[880763, 1]","[880763, 29]","[true, true, true, true]","{""5"": {""m2_valid_samples"": 3634, ""representation_valid_samples"": 3634, ""representation_invalid_samples"": 0, ""invalid_reason"": null, ""checked_samples"": 3, ""causal_check_passed"": true}, ""10"": {""m2_valid_samples"": 3634, ""representation_valid_samples"": 3634, ""representation_invalid_samples"": 0, ""invalid_reason"": null, ""checked_samples"": 3, ""causal_check_passed"": true}, ""30"": {""m2_valid_samples"": 3634, ""representation_valid_samples"": 3634, ""representation_invalid_samples"": 0, ""invalid_reason"": null, ""checked_samples"": 3, ""causal_check_passed"": true}}","{""5"": {""steps"": 250, ""lfp_waveform"": [250, 1], ""lfp_physio"": [250, 4], ""spike_population_rate"": [250, 1], ""spike_set_counts"": [250, 29], ""neuron_mask"": [29], ""causal_validity_mask"": [250, 4]}, ""10"": {""steps"": 500, ""lfp_waveform"": [500, 1], ""lfp_physio"": [500, 4], ""spike_population_rate"": [500, 1], ""spike_set_counts"": [500, 29], ""neuron_mask"": [29], ""causal_validity_mask"": [500, 4]}, ""30"": {""steps"": 1500, ""lfp_waveform"": [1500, 1], ""lfp_physio"": [1500, 4], ""spike_population_rate"": [1500, 1], ""spike_set_counts"": [1500, 29], ""neuron_mask"": [29], ""causal_validity_mask"": [1500, 4]}}",True,True,True,False,D:\工作相关\望道项目\work\cache\milestone4\0c0f750b0f83f0a2\20140527_421um,m4-v1.1.0,e4879fcb53b76286b317460fafdf56cd352b9e00bd766910f1ebca35ebec8a26,
JennBuzsaki22,20140528_565um,WARN,12395.736,1250.0,50,25,619786,0.016,[9],"[""mPFC""]","{""good_eeg"": {""source_field"": ""goodeegchannel"", ""source_indexing"": ""MATLAB_1_based"", ""physical_channel_one_based"": 9, ""numpy_column_zero_based"": 8, ""anatomy_provenance"": ""mPFC""}, ""theta"": {""source_field"": ""Thetachannel"", ""source_indexing"": ""MATLAB_1_based"", ""physical_channel_one_based"": 65, ""numpy_column_zero_based"": 64, ""anatomy_provenance"": ""dHipp""}, ""spindle"": {""source_field"": ""Spindlechannel"", ""source_indexing"": ""MATLAB_1_based"", ""physical_channel_one_based"": 9, ""numpy_column_zero_based"": 8, ""anatomy_provenance"": ""mPFC""}, ""up_state"": {""source_field"": ""UPstatechannel"", ""source_indexing"": ""MATLAB_1_based"", ""physical_channel_one_based"": 9, ""numpy_column_zero_based"": 8, ""anatomy_provenance"": ""mPFC""}}","{""delta"": ""good_eeg"", ""theta"": ""theta"", ""sigma"": ""spindle"", ""broadband"": ""good_eeg""}",[],[true],"[""functional_roles_share_physical_channel_provenance"", ""inherited_m3_qc_warning""]",909,0.3632,0.7264,0.74,10.86,"[""delta"", ""theta"", ""sigma"", ""broadband""]",33,"[619786, 1]","[619786, 33]","[true, true, true, true]","{""5"": {""m2_valid_samples"": 4058, ""representation_valid_samples"": 4058, ""representation_invalid_samples"": 0, ""invalid_reason"": null, ""checked_samples"": 3, ""causal_check_passed"": true}, ""10"": {""m2_valid_samples"": 4058, ""representation_valid_samples"": 4058, ""representation_invalid_samples"": 0, ""invalid_reason"": null, ""checked_samples"": 3, ""causal_check_passed"": true}, ""30"": {""m2_valid_samples"": 4058, ""representation_valid_samples"": 4058, ""representation_invalid_samples"": 0, ""invalid_reason"": null, ""checked_samples"": 3, ""causal_check_passed"": true}}","{""5"": {""steps"": 250, ""lfp_waveform"": [250, 1], ""lfp_physio"": [250, 4], ""spike_population_rate"": [250, 1], ""spike_set_counts"": [250, 33], ""neuron_mask"": [33], ""causal_validity_mask"": [250, 4]}, ""10"": {""steps"": 500, ""lfp_waveform"": [500, 1], ""lfp_physio"": [500, 4], ""spike_population_rate"": [500, 1], ""spike_set_counts"": [500, 33], ""neuron_mask"": [33], ""causal_validity_mask"": [500, 4]}, ""30"": {""steps"": 1500, ""lfp_waveform"": [1500, 1], ""lfp_physio"": [1500, 4], ""spike_population_rate"": [1500, 1], ""spike_set_counts"": [1500, 33], ""neuron_mask"": [33], ""causal_validity_mask"": [1500, 4]}}",True,True,True,False,D:\工作相关\望道项目\work\cache\milestone4\0c0f750b0f83f0a2\20140528_565um,m4-v1.1.0,e4879fcb53b76286b317460fafdf56cd352b9e00bd766910f1ebca35ebec8a26,
Bogey,Bogey_012615,WARN,24263.4,1250.0,50,25,1213170,0.0,[46],"[""mPFC""]","{""good_eeg"": {""source_field"": ""goodeegchannel"", ""source_indexing"": ""MATLAB_1_based"", ""physical_channel_one_based"": 46, ""numpy_column_zero_based"": 45, ""anatomy_provenance"": ""mPFC""}, ""theta"": {""source_field"": ""Thetachannel"", ""source_indexing"": ""MATLAB_1_based"", ""physical_channel_one_based"": 67, ""numpy_column_zero_based"": 66, ""anatomy_provenance"": ""dHipp""}, ""spindle"": {""source_field"": ""Spindlechannel"", ""source_indexing"": ""MATLAB_1_based"", ""physical_channel_one_based"": 46, ""numpy_column_zero_based"": 45, ""anatomy_provenance"": ""mPFC""}, ""up_state"": {""source_field"": ""UPstatechannel"", ""source_indexing"": ""MATLAB_1_based"", ""physical_channel_one_based"": 46, ""numpy_column_zero_based"": 45, ""anatomy_provenance"": ""mPFC""}}","{""delta"": ""good_eeg"", ""theta"": ""theta"", ""sigma"": ""spindle"", ""broadband"": ""good_eeg""}",[],[true],"[""functional_roles_share_physical_channel_provenance"", ""inherited_m3_qc_warning""]",909,0.3632,0.7264,0.74,10.86,"[""delta"", ""theta"", ""sigma"", ""broadband""]",36,"[1213170, 1]","[1213170, 36]","[true, true, true, true]","{""5"": {""m2_valid_samples"": 10767, ""representation_valid_samples"": 10767, ""representation_invalid_samples"": 0, ""invalid_reason"": null, ""checked_samples"": 3, ""causal_check_passed"": true}, ""10"": {""m2_valid_samples"": 10767, ""representation_valid_samples"": 10767, ""representation_invalid_samples"": 0, ""invalid_reason"": null, ""checked_samples"": 3, ""causal_check_passed"": true}, ""30"": {""m2_valid_samples"": 10767, ""representation_valid_samples"": 10767, ""representation_invalid_samples"": 0, ""invalid_reason"": null, ""checked_samples"": 3, ""causal_check_passed"": true}}","{""5"": {""steps"": 250, ""lfp_waveform"": [250, 1], ""lfp_physio"": [250, 4], ""spike_population_rate"": [250, 1], ""spike_set_counts"": [250, 36], ""neuron_mask"": [36], ""causal_validity_mask"": [250, 4]}, ""10"": {""steps"": 500, ""lfp_waveform"": [500, 1], ""lfp_physio"": [500, 4], ""spike_population_rate"": [500, 1], ""spike_set_counts"": [500, 36], ""neuron_mask"": [36], ""causal_validity_mask"": [500, 4]}, ""30"": {""steps"": 1500, ""lfp_waveform"": [1500, 1], ""lfp_physio"": [1500, 4], ""spike_population_rate"": [1500, 1], ""spike_set_counts"": [1500, 36], ""neuron_mask"": [36], ""causal_validity_mask"": [1500, 4]}}",True,True,True,False,D:\工作相关\望道项目\work\cache\milestone4\0c0f750b0f83f0a2\Bogey_012615,m4-v1.1.0,e4879fcb53b76286b317460fafdf56cd352b9e00bd766910f1ebca35ebec8a26,
Splinter,Splinter_020515,WARN,23836.699999999997,1250.0,50,25,1191835,0.0,[42],"[""OFC""]","{""good_eeg"": {""source_field"": ""goodeegchannel"", ""source_indexing"": ""MATLAB_1_based"", ""physical_channel_one_based"": 42, ""numpy_column_zero_based"": 41, ""anatomy_provenance"": ""OFC""}, ""theta"": {""source_field"": ""Thetachannel"", ""source_indexing"": ""MATLAB_1_based"", ""physical_channel_one_based"": 42, ""numpy_column_zero_based"": 41, ""anatomy_provenance"": ""OFC""}, ""spindle"": {""source_field"": ""Spindlechannel"", ""source_indexing"": ""MATLAB_1_based"", ""physical_channel_one_based"": 42, ""numpy_column_zero_based"": 41, ""anatomy_provenance"": ""OFC""}, ""up_state"": {""source_field"": ""UPstatechannel"", ""source_indexing"": ""MATLAB_1_based"", ""physical_channel_one_based"": 42, ""numpy_column_zero_based"": 41, ""anatomy_provenance"": ""OFC""}}","{""delta"": ""good_eeg"", ""theta"": ""theta"", ""sigma"": ""spindle"", ""broadband"": ""good_eeg""}",[],[true],"[""functional_roles_share_physical_channel_provenance"", ""inherited_m3_qc_warning""]",909,0.3632,0.7264,0.74,10.86,"[""delta"", ""theta"", ""sigma"", ""broadband""]",27,"[1191835, 1]","[1191835, 27]","[true, true, true, true]","{""5"": {""m2_valid_samples"": 11997, ""representation_valid_samples"": 11997, ""representation_invalid_samples"": 0, ""invalid_reason"": null, ""checked_samples"": 3, ""causal_check_passed"": true}, ""10"": {""m2_valid_samples"": 11997, ""representation_valid_samples"": 11997, ""representation_invalid_samples"": 0, ""invalid_reason"": null, ""checked_samples"": 3, ""causal_check_passed"": true}, ""30"": {""m2_valid_samples"": 11997, ""representation_valid_samples"": 11997, ""representation_invalid_samples"": 0, ""invalid_reason"": null, ""checked_samples"": 3, ""causal_check_passed"": true}}","{""5"": {""steps"": 250, ""lfp_waveform"": [250, 1], ""lfp_physio"": [250, 4], ""spike_population_rate"": [250, 1], ""spike_set_counts"": [250, 27], ""neuron_mask"": [27], ""causal_validity_mask"": [250, 4]}, ""10"": {""steps"": 500, ""lfp_waveform"": [500, 1], ""lfp_physio"": [500, 4], ""spike_population_rate"": [500, 1], ""spike_set_counts"": [500, 27], ""neuron_mask"": [27], ""causal_validity_mask"": [500, 4]}, ""30"": {""steps"": 1500, ""lfp_waveform"": [1500, 1], ""lfp_physio"": [1500, 4], ""spike_population_rate"": [1500, 1], ""spike_set_counts"": [1500, 27], ""neuron_mask"": [27], ""causal_validity_mask"": [1500, 4]}}",True,True,True,False,D:\工作相关\望道项目\work\cache\milestone4\0c0f750b0f83f0a2\Splinter_020515,m4-v1.1.0,e4879fcb53b76286b317460fafdf56cd352b9e00bd766910f1ebca35ebec8a26,
Splinter,Splinter_020915,WARN,23487.5,1250.0,50,25,1174375,0.0,[43],"[""OFC""]","{""good_eeg"": {""source_field"": ""goodeegchannel"", ""source_indexing"": ""MATLAB_1_based"", ""physical_channel_one_based"": 43, ""numpy_column_zero_based"": 42, ""anatomy_provenance"": ""OFC""}, ""theta"": {""source_field"": ""Thetachannel"", ""source_indexing"": ""MATLAB_1_based"", ""physical_channel_one_based"": 12, ""numpy_column_zero_based"": 11, ""anatomy_provenance"": ""OFC""}, ""spindle"": {""source_field"": ""Spindlechannel"", ""source_indexing"": ""MATLAB_1_based"", ""physical_channel_one_based"": 43, ""numpy_column_zero_based"": 42, ""anatomy_provenance"": ""OFC""}, ""up_state"": {""source_field"": ""UPstatechannel"", ""source_indexing"": ""MATLAB_1_based"", ""physical_channel_one_based"": 43, ""numpy_column_zero_based"": 42, ""anatomy_provenance"": ""OFC""}}","{""delta"": ""good_eeg"", ""theta"": ""theta"", ""sigma"": ""spindle"", ""broadband"": ""good_eeg""}",[],[true],"[""functional_roles_share_physical_channel_provenance"", ""inherited_m3_qc_warning""]",909,0.3632,0.7264,0.74,10.86,"[""delta"", ""theta"", ""sigma"", ""broadband""]",51,"[1174375, 1]","[1174375, 51]","[true, true, true, true]","{""5"": {""m2_valid_samples"": 13252, ""representation_valid_samples"": 13252, ""representation_invalid_samples"": 0, ""invalid_reason"": null, ""checked_samples"": 3, ""causal_check_passed"": true}, ""10"": {""m2_valid_samples"": 13252, ""representation_valid_samples"": 13252, ""representation_invalid_samples"": 0, ""invalid_reason"": null, ""checked_samples"": 3, ""causal_check_passed"": true}, ""30"": {""m2_valid_samples"": 13252, ""representation_valid_samples"": 13252, ""representation_invalid_samples"": 0, ""invalid_reason"": null, ""checked_samples"": 3, ""causal_check_passed"": true}}","{""5"": {""steps"": 250, ""lfp_waveform"": [250, 1], ""lfp_physio"": [250, 4], ""spike_population_rate"": [250, 1], ""spike_set_counts"": [250, 51], ""neuron_mask"": [51], ""causal_validity_mask"": [250, 4]}, ""10"": {""steps"": 500, ""lfp_waveform"": [500, 1], ""lfp_physio"": [500, 4], ""spike_population_rate"": [500, 1], ""spike_set_counts"": [500, 51], ""neuron_mask"": [51], ""causal_validity_mask"": [500, 4]}, ""30"": {""steps"": 1500, ""lfp_waveform"": [1500, 1], ""lfp_physio"": [1500, 4], ""spike_population_rate"": [1500, 1], ""spike_set_counts"": [1500, 51], ""neuron_mask"": [51], ""causal_validity_mask"": [1500, 4]}}",True,True,True,False,D:\工作相关\望道项目\work\cache\milestone4\0c0f750b0f83f0a2\Splinter_020915,m4-v1.1.0,e4879fcb53b76286b317460fafdf56cd352b9e00bd766910f1ebca35ebec8a26,
Rizzo,Rizzo_022615,WARN,40555.1,1250.0,50,25,2027755,0.0,[60],"[""OFC""]","{""good_eeg"": {""source_field"": ""goodeegchannel"", ""source_indexing"": ""MATLAB_1_based"", ""physical_channel_one_based"": 60, ""numpy_column_zero_based"": 59, ""anatomy_provenance"": ""OFC""}, ""theta"": {""source_field"": ""Thetachannel"", ""source_indexing"": ""MATLAB_1_based"", ""physical_channel_one_based"": 1, ""numpy_column_zero_based"": 0, ""anatomy_provenance"": ""OFC""}, ""spindle"": {""source_field"": ""Spindlechannel"", ""source_indexing"": ""MATLAB_1_based"", ""physical_channel_one_based"": 17, ""numpy_column_zero_based"": 16, ""anatomy_provenance"": ""OFC""}, ""up_state"": {""source_field"": ""UPstatechannel"", ""source_indexing"": ""MATLAB_1_based"", ""physical_channel_one_based"": 1, ""numpy_column_zero_based"": 0, ""anatomy_provenance"": ""OFC""}}","{""delta"": ""good_eeg"", ""theta"": ""theta"", ""sigma"": ""spindle"", ""broadband"": ""good_eeg""}",[],[true],"[""functional_roles_share_physical_channel_provenance"", ""startup_transient_masks_early_m2_samples"", ""inherited_m3_qc_warning""]",909,0.3632,0.7264,0.74,10.86,"[""delta"", ""theta"", ""sigma"", ""broadband""]",26,"[2027755, 1]","[2027755, 26]","[true, true, true, true]","{""5"": {""m2_valid_samples"": 25081, ""representation_valid_samples"": 25071, ""representation_invalid_samples"": 10, ""invalid_reason"": ""context_intersects_lfp_feature_startup"", ""checked_samples"": 3, ""causal_check_passed"": true}, ""10"": {""m2_valid_samples"": 25077, ""representation_valid_samples"": 25066, ""representation_invalid_samples"": 11, ""invalid_reason"": ""context_intersects_lfp_feature_startup"", ""checked_samples"": 3, ""causal_check_passed"": true}, ""30"": {""m2_valid_samples"": 25057, ""representation_valid_samples"": 25046, ""representation_invalid_samples"": 11, ""invalid_reason"": ""context_intersects_lfp_feature_startup"", ""checked_samples"": 3, ""causal_check_passed"": true}}","{""5"": {""steps"": 250, ""lfp_waveform"": [250, 1], ""lfp_physio"": [250, 4], ""spike_population_rate"": [250, 1], ""spike_set_counts"": [250, 26], ""neuron_mask"": [26], ""causal_validity_mask"": [250, 4]}, ""10"": {""steps"": 500, ""lfp_waveform"": [500, 1], ""lfp_physio"": [500, 4], ""spike_population_rate"": [500, 1], ""spike_set_counts"": [500, 26], ""neuron_mask"": [26], ""causal_validity_mask"": [500, 4]}, ""30"": {""steps"": 1500, ""lfp_waveform"": [1500, 1], ""lfp_physio"": [1500, 4], ""spike_population_rate"": [1500, 1], ""spike_set_counts"": [1500, 26], ""neuron_mask"": [26], ""causal_validity_mask"": [1500, 4]}}",True,True,True,False,D:\工作相关\望道项目\work\cache\milestone4\0c0f750b0f83f0a2\Rizzo_022615,m4-v1.1.0,e4879fcb53b76286b317460fafdf56cd352b9e00bd766910f1ebca35ebec8a26,
Rizzo,Rizzo_022715,WARN,25932.1,1250.0,50,25,1296605,0.0,[40],"[""OFC""]","{""good_eeg"": {""source_field"": ""goodeegchannel"", ""source_indexing"": ""MATLAB_1_based"", ""physical_channel_one_based"": 40, ""numpy_column_zero_based"": 39, ""anatomy_provenance"": ""OFC""}, ""theta"": {""source_field"": ""Thetachannel"", ""source_indexing"": ""MATLAB_1_based"", ""physical_channel_one_based"": 1, ""numpy_column_zero_based"": 0, ""anatomy_provenance"": ""OFC""}, ""spindle"": {""source_field"": ""Spindlechannel"", ""source_indexing"": ""MATLAB_1_based"", ""physical_channel_one_based"": 52, ""numpy_column_zero_based"": 51, ""anatomy_provenance"": ""OFC""}, ""up_state"": {""source_field"": ""UPstatechannel"", ""source_indexing"": ""MATLAB_1_based"", ""physical_channel_one_based"": 17, ""numpy_column_zero_based"": 16, ""anatomy_provenance"": ""OFC""}}","{""delta"": ""good_eeg"", ""theta"": ""theta"", ""sigma"": ""spindle"", ""broadband"": ""good_eeg""}",[],[true],"[""inherited_m3_qc_warning""]",909,0.3632,0.7264,0.74,10.86,"[""delta"", ""theta"", ""sigma"", ""broadband""]",93,"[1296605, 1]","[1296605, 93]","[true, true, true, true]","{""5"": {""m2_valid_samples"": 13118, ""representation_valid_samples"": 13118, ""representation_invalid_samples"": 0, ""invalid_reason"": null, ""checked_samples"": 3, ""causal_check_passed"": true}, ""10"": {""m2_valid_samples"": 13118, ""representation_valid_samples"": 13118, ""representation_invalid_samples"": 0, ""invalid_reason"": null, ""checked_samples"": 3, ""causal_check_passed"": true}, ""30"": {""m2_valid_samples"": 13118, ""representation_valid_samples"": 13118, ""representation_invalid_samples"": 0, ""invalid_reason"": null, ""checked_samples"": 3, ""causal_check_passed"": true}}","{""5"": {""steps"": 250, ""lfp_waveform"": [250, 1], ""lfp_physio"": [250, 4], ""spike_population_rate"": [250, 1], ""spike_set_counts"": [250, 93], ""neuron_mask"": [93], ""causal_validity_mask"": [250, 4]}, ""10"": {""steps"": 500, ""lfp_waveform"": [500, 1], ""lfp_physio"": [500, 4], ""spike_population_rate"": [500, 1], ""spike_set_counts"": [500, 93], ""neuron_mask"": [93], ""causal_validity_mask"": [500, 4]}, ""30"": {""steps"": 1500, ""lfp_waveform"": [1500, 1], ""lfp_physio"": [1500, 4], ""spike_population_rate"": [1500, 1], ""spike_set_counts"": [1500, 93], ""neuron_mask"": [93], ""causal_validity_mask"": [1500, 4]}}",True,True,True,False,D:\工作相关\望道项目\work\cache\milestone4\0c0f750b0f83f0a2\Rizzo_022715,m4-v1.1.0,e4879fcb53b76286b317460fafdf56cd352b9e00bd766910f1ebca35ebec8a26,
Templeton,Templeton_032415,WARN,19057.6,1250.0,50,25,952880,0.0,[27],"[""mPFC""]","{""good_eeg"": {""source_field"": ""goodeegchannel"", ""source_indexing"": ""MATLAB_1_based"", ""physical_channel_one_based"": 27, ""numpy_column_zero_based"": 26, ""anatomy_provenance"": ""mPFC""}, ""theta"": {""source_field"": ""Thetachannel"", ""source_indexing"": ""MATLAB_1_based"", ""physical_channel_one_based"": 57, ""numpy_column_zero_based"": 56, ""anatomy_provenance"": ""dhipp""}, ""spindle"": {""source_field"": ""Spindlechannel"", ""source_indexing"": ""MATLAB_1_based"", ""physical_channel_one_based"": 27, ""numpy_column_zero_based"": 26, ""anatomy_provenance"": ""mPFC""}, ""up_state"": {""source_field"": ""UPstatechannel"", ""source_indexing"": ""MATLAB_1_based"", ""physical_channel_one_based"": 27, ""numpy_column_zero_based"": 26, ""anatomy_provenance"": ""mPFC""}}","{""delta"": ""good_eeg"", ""theta"": ""theta"", ""sigma"": ""spindle"", ""broadband"": ""good_eeg""}","[{""session_id"": ""Templeton_032415"", ""source_a"": ""WatsonSleepHomestasis2016Table.xlsx"", ""claim_a"": ""OFC"", ""source_b"": ""ChannelAnatomy.csv recommended channel 27"", ""claim_b"": ""mPFC"", ""conflict_type"": ""anatomical_label_disagreement"", ""exclude_session"": ""false"", ""model_input_allowed"": ""false""}]",[true],"[""functional_roles_share_physical_channel_provenance"", ""startup_transient_masks_early_m2_samples"", ""inherited_m3_qc_warning""]",909,0.3632,0.7264,0.74,10.86,"[""delta"", ""theta"", ""sigma"", ""broadband""]",10,"[952880, 1]","[952880, 10]","[true, true, true, true]","{""5"": {""m2_valid_samples"": 15359, ""representation_valid_samples"": 15349, ""representation_invalid_samples"": 10, ""invalid_reason"": ""context_intersects_lfp_feature_startup"", ""checked_samples"": 3, ""causal_check_passed"": true}, ""10"": {""m2_valid_samples"": 15355, ""representation_valid_samples"": 15344, ""representation_invalid_samples"": 11, ""invalid_reason"": ""context_intersects_lfp_feature_startup"", ""checked_samples"": 3, ""causal_check_passed"": true}, ""30"": {""m2_valid_samples"": 15335, ""representation_valid_samples"": 15324, ""representation_invalid_samples"": 11, ""invalid_reason"": ""context_intersects_lfp_feature_startup"", ""checked_samples"": 3, ""causal_check_passed"": true}}","{""5"": {""steps"": 250, ""lfp_waveform"": [250, 1], ""lfp_physio"": [250, 4], ""spike_population_rate"": [250, 1], ""spike_set_counts"": [250, 10], ""neuron_mask"": [10], ""causal_validity_mask"": [250, 4]}, ""10"": {""steps"": 500, ""lfp_waveform"": [500, 1], ""lfp_physio"": [500, 4], ""spike_population_rate"": [500, 1], ""spike_set_counts"": [500, 10], ""neuron_mask"": [10], ""causal_validity_mask"": [500, 4]}, ""30"": {""steps"": 1500, ""lfp_waveform"": [1500, 1], ""lfp_physio"": [1500, 4], ""spike_population_rate"": [1500, 1], ""spike_set_counts"": [1500, 10], ""neuron_mask"": [10], ""causal_validity_mask"": [1500, 4]}}",True,True,True,False,D:\工作相关\望道项目\work\cache\milestone4\0c0f750b0f83f0a2\Templeton_032415,m4-v1.1.0,e4879fcb53b76286b317460fafdf56cd352b9e00bd766910f1ebca35ebec8a26,
