animal_id,session_id,source_field,source_file,raw_dtype,raw_shape,units,interval_convention,parser_role,raw_row_count,valid_row_count,oob_or_invalid_row_count,malformed_row_count,raw_parser_numeric_exact,intervalset_duplicate_matches_timepair,supervised_target_source
BWRat17,BWRat17_121712,WakeTimePairFormat,BWRat17_121712_WSRestrictedIntervals.mat,uint16,"(2,)",seconds,"half-open [start,stop) in pipeline; official source gives start/stop seconds",core_WAKE,1,1,0,0,True,True,True
BWRat17,BWRat17_121712,SleepTimePairFormat,BWRat17_121712_WSRestrictedIntervals.mat,uint16,"(2,)",seconds,"half-open [start,stop) in pipeline; official source gives start/stop seconds",broad_SLEEP_diagnostic,1,1,0,0,True,True,False
BWRat17,BWRat17_121712,SWSPacketTimePairFormat,BWRat17_121712_WSRestrictedIntervals.mat,uint16,"(9, 2)",seconds,"half-open [start,stop) in pipeline; official source gives start/stop seconds",core_NREM,9,9,0,0,True,True,True
BWRat17,BWRat17_121712,REMTimePairFormat,BWRat17_121712_WSRestrictedIntervals.mat,uint16,"(2,)",seconds,"half-open [start,stop) in pipeline; official source gives start/stop seconds",core_REM,1,1,0,0,True,True,True
BWRat17,BWRat17_121712,MATimePairFormat,BWRat17_121712_WSRestrictedIntervals.mat,uint16,"(10, 2)",seconds,"half-open [start,stop) in pipeline; official source gives start/stop seconds",auxiliary_MA,10,9,1,0,True,True,False
BWRat17,BWRat17_121712,WakeInterruptionTimePairFormat,BWRat17_121712_WSRestrictedIntervals.mat,uint16,"(9, 2)",seconds,"half-open [start,stop) in pipeline; official source gives start/stop seconds",auxiliary_WakeInterruption,9,8,1,0,True,True,False
BWRat17,BWRat17_121712,REMEpisodeTimePairFormat,BWRat17_121712_WSRestrictedIntervals.mat,uint16,"(2,)",seconds,"half-open [start,stop) in pipeline; official source gives start/stop seconds",episode_diagnostic,1,1,0,0,True,True,False
BWRat17,BWRat17_121712,SWSEpisodeTimePairFormat,BWRat17_121712_WSRestrictedIntervals.mat,uint16,"(4, 2)",seconds,"half-open [start,stop) in pipeline; official source gives start/stop seconds",episode_diagnostic,4,4,0,0,True,True,False
BWRat17,BWRat17_121712,WakeSleepTimePairFormat,BWRat17_121712_WSRestrictedIntervals.mat,uint16,"(2, 2)",seconds,"half-open [start,stop) in pipeline; official source gives start/stop seconds",episode_pair_diagnostic,2,2,0,0,True,True,False
BWRat17,BWRat17_121712,__SESSION_STRICT_LABEL_RECONSTRUCTION__,BWRat17_121712_WSRestrictedIntervals.mat,,,1-second bins,"target [t-1,t), full-bin coverage only",audit_summary,,,2,0,True,True,"{""counts_match"": true, ""independent_counts"": {""IGNORE"": 2578, ""NREM"": 952, ""REM"": 103, ""WAKE"": 2426}, ""m3_report_counts"": {""IGNORE"": 2578, ""NREM"": 952, ""REM"": 103, ""WAKE"": 2426}}"
BWRat17,BWRat17_121912,WakeTimePairFormat,BWRat17_121912_WSRestrictedIntervals.mat,uint16,"(2,)",seconds,"half-open [start,stop) in pipeline; official source gives start/stop seconds",core_WAKE,1,1,0,0,True,True,True
BWRat17,BWRat17_121912,SleepTimePairFormat,BWRat17_121912_WSRestrictedIntervals.mat,uint16,"(2,)",seconds,"half-open [start,stop) in pipeline; official source gives start/stop seconds",broad_SLEEP_diagnostic,1,1,0,0,True,True,False
BWRat17,BWRat17_121912,SWSPacketTimePairFormat,BWRat17_121912_WSRestrictedIntervals.mat,uint16,"(33, 2)",seconds,"half-open [start,stop) in pipeline; official source gives start/stop seconds",core_NREM,33,33,0,0,True,True,True
BWRat17,BWRat17_121912,REMTimePairFormat,BWRat17_121912_WSRestrictedIntervals.mat,uint16,"(5, 2)",seconds,"half-open [start,stop) in pipeline; official source gives start/stop seconds",core_REM,5,5,0,0,True,True,True
BWRat17,BWRat17_121912,MATimePairFormat,BWRat17_121912_WSRestrictedIntervals.mat,uint16,"(70, 2)",seconds,"half-open [start,stop) in pipeline; official source gives start/stop seconds",auxiliary_MA,70,33,37,0,True,True,False
BWRat17,BWRat17_121912,WakeInterruptionTimePairFormat,BWRat17_121912_WSRestrictedIntervals.mat,uint16,"(42, 2)",seconds,"half-open [start,stop) in pipeline; official source gives start/stop seconds",auxiliary_WakeInterruption,42,25,17,0,True,True,False
BWRat17,BWRat17_121912,REMEpisodeTimePairFormat,BWRat17_121912_WSRestrictedIntervals.mat,uint16,"(3, 2)",seconds,"half-open [start,stop) in pipeline; official source gives start/stop seconds",episode_diagnostic,3,3,0,0,True,True,False
BWRat17,BWRat17_121912,SWSEpisodeTimePairFormat,BWRat17_121912_WSRestrictedIntervals.mat,uint16,"(16, 2)",seconds,"half-open [start,stop) in pipeline; official source gives start/stop seconds",episode_diagnostic,16,16,0,0,True,True,False
BWRat17,BWRat17_121912,WakeSleepTimePairFormat,BWRat17_121912_WSRestrictedIntervals.mat,uint16,"(2, 2)",seconds,"half-open [start,stop) in pipeline; official source gives start/stop seconds",episode_pair_diagnostic,2,2,0,0,True,True,False
BWRat17,BWRat17_121912,__SESSION_STRICT_LABEL_RECONSTRUCTION__,BWRat17_121912_WSRestrictedIntervals.mat,,,1-second bins,"target [t-1,t), full-bin coverage only",audit_summary,,,54,0,True,True,"{""counts_match"": true, ""independent_counts"": {""IGNORE"": 2610, ""NREM"": 2510, ""REM"": 230, ""WAKE"": 1184}, ""m3_report_counts"": {""IGNORE"": 2610, ""NREM"": 2510, ""REM"": 230, ""WAKE"": 1184}}"
BWRat18,BWRat18_020513,WakeTimePairFormat,BWRat18_020513_WSRestrictedIntervals.mat,uint16,"(2, 2)",seconds,"half-open [start,stop) in pipeline; official source gives start/stop seconds",core_WAKE,2,2,0,0,True,True,True
BWRat18,BWRat18_020513,SleepTimePairFormat,BWRat18_020513_WSRestrictedIntervals.mat,uint16,"(2, 2)",seconds,"half-open [start,stop) in pipeline; official source gives start/stop seconds",broad_SLEEP_diagnostic,2,2,0,0,True,True,False
BWRat18,BWRat18_020513,SWSPacketTimePairFormat,BWRat18_020513_WSRestrictedIntervals.mat,uint16,"(17, 2)",seconds,"half-open [start,stop) in pipeline; official source gives start/stop seconds",core_NREM,17,17,0,0,True,True,True
BWRat18,BWRat18_020513,REMTimePairFormat,BWRat18_020513_WSRestrictedIntervals.mat,uint16,"(13, 2)",seconds,"half-open [start,stop) in pipeline; official source gives start/stop seconds",core_REM,13,13,0,0,True,True,True
BWRat18,BWRat18_020513,MATimePairFormat,BWRat18_020513_WSRestrictedIntervals.mat,uint16,"(33, 2)",seconds,"half-open [start,stop) in pipeline; official source gives start/stop seconds",auxiliary_MA,33,4,29,0,True,True,False
BWRat18,BWRat18_020513,WakeInterruptionTimePairFormat,BWRat18_020513_WSRestrictedIntervals.mat,uint16,"(39, 2)",seconds,"half-open [start,stop) in pipeline; official source gives start/stop seconds",auxiliary_WakeInterruption,39,17,22,0,True,True,False
BWRat18,BWRat18_020513,REMEpisodeTimePairFormat,BWRat18_020513_WSRestrictedIntervals.mat,uint16,"(10, 2)",seconds,"half-open [start,stop) in pipeline; official source gives start/stop seconds",episode_diagnostic,10,10,0,0,True,True,False
BWRat18,BWRat18_020513,SWSEpisodeTimePairFormat,BWRat18_020513_WSRestrictedIntervals.mat,uint16,"(14, 2)",seconds,"half-open [start,stop) in pipeline; official source gives start/stop seconds",episode_diagnostic,14,14,0,0,True,True,False
BWRat18,BWRat18_020513,WakeSleepTimePairFormat,BWRat18_020513_WSRestrictedIntervals.mat,object,"(2,)",seconds,"half-open [start,stop) in pipeline; official source gives start/stop seconds",episode_pair_diagnostic,4,4,0,0,True,True,False
BWRat18,BWRat18_020513,__SESSION_STRICT_LABEL_RECONSTRUCTION__,BWRat18_020513_WSRestrictedIntervals.mat,,,1-second bins,"target [t-1,t), full-bin coverage only",audit_summary,,,51,0,True,True,"{""counts_match"": true, ""independent_counts"": {""IGNORE"": 810, ""NREM"": 4158, ""REM"": 611, ""WAKE"": 2012}, ""m3_report_counts"": {""IGNORE"": 810, ""NREM"": 4158, ""REM"": 611, ""WAKE"": 2012}}"
BWRat19,BWRat19_032413,WakeTimePairFormat,BWRat19_032413_WSRestrictedIntervals.mat,uint16,"(2,)",seconds,"half-open [start,stop) in pipeline; official source gives start/stop seconds",core_WAKE,1,1,0,0,True,True,True
BWRat19,BWRat19_032413,SleepTimePairFormat,BWRat19_032413_WSRestrictedIntervals.mat,uint16,"(2,)",seconds,"half-open [start,stop) in pipeline; official source gives start/stop seconds",broad_SLEEP_diagnostic,1,1,0,0,True,True,False
BWRat19,BWRat19_032413,SWSPacketTimePairFormat,BWRat19_032413_WSRestrictedIntervals.mat,uint16,"(19, 2)",seconds,"half-open [start,stop) in pipeline; official source gives start/stop seconds",core_NREM,19,19,0,0,True,True,True
BWRat19,BWRat19_032413,REMTimePairFormat,BWRat19_032413_WSRestrictedIntervals.mat,uint8,"(0,)",seconds,"half-open [start,stop) in pipeline; official source gives start/stop seconds",core_REM,0,0,0,0,True,True,True
BWRat19,BWRat19_032413,MATimePairFormat,BWRat19_032413_WSRestrictedIntervals.mat,uint16,"(57, 2)",seconds,"half-open [start,stop) in pipeline; official source gives start/stop seconds",auxiliary_MA,57,23,34,0,True,True,False
BWRat19,BWRat19_032413,WakeInterruptionTimePairFormat,BWRat19_032413_WSRestrictedIntervals.mat,uint16,"(27, 2)",seconds,"half-open [start,stop) in pipeline; official source gives start/stop seconds",auxiliary_WakeInterruption,27,6,21,0,True,True,False
BWRat19,BWRat19_032413,REMEpisodeTimePairFormat,BWRat19_032413_WSRestrictedIntervals.mat,uint8,"(0,)",seconds,"half-open [start,stop) in pipeline; official source gives start/stop seconds",episode_diagnostic,0,0,0,0,True,True,False
BWRat19,BWRat19_032413,SWSEpisodeTimePairFormat,BWRat19_032413_WSRestrictedIntervals.mat,uint16,"(5, 2)",seconds,"half-open [start,stop) in pipeline; official source gives start/stop seconds",episode_diagnostic,5,5,0,0,True,True,False
BWRat19,BWRat19_032413,WakeSleepTimePairFormat,BWRat19_032413_WSRestrictedIntervals.mat,uint16,"(2, 2)",seconds,"half-open [start,stop) in pipeline; official source gives start/stop seconds",episode_pair_diagnostic,2,2,0,0,True,True,False
BWRat19,BWRat19_032413,__SESSION_STRICT_LABEL_RECONSTRUCTION__,BWRat19_032413_WSRestrictedIntervals.mat,,,1-second bins,"target [t-1,t), full-bin coverage only",audit_summary,,,55,0,True,True,"{""counts_match"": true, ""independent_counts"": {""IGNORE"": 1440, ""NREM"": 1734, ""REM"": 0, ""WAKE"": 1839}, ""m3_report_counts"": {""IGNORE"": 1440, ""NREM"": 1734, ""REM"": 0, ""WAKE"": 1839}}"
BWRat19,BWRat19_032513,WakeTimePairFormat,BWRat19_032513_WSRestrictedIntervals.mat,uint16,"(2,)",seconds,"half-open [start,stop) in pipeline; official source gives start/stop seconds",core_WAKE,1,1,0,0,True,True,True
BWRat19,BWRat19_032513,SleepTimePairFormat,BWRat19_032513_WSRestrictedIntervals.mat,uint16,"(2,)",seconds,"half-open [start,stop) in pipeline; official source gives start/stop seconds",broad_SLEEP_diagnostic,1,1,0,0,True,True,False
BWRat19,BWRat19_032513,SWSPacketTimePairFormat,BWRat19_032513_WSRestrictedIntervals.mat,uint16,"(6, 2)",seconds,"half-open [start,stop) in pipeline; official source gives start/stop seconds",core_NREM,6,6,0,0,True,True,True
BWRat19,BWRat19_032513,REMTimePairFormat,BWRat19_032513_WSRestrictedIntervals.mat,uint16,"(9, 2)",seconds,"half-open [start,stop) in pipeline; official source gives start/stop seconds",core_REM,9,9,0,0,True,True,True
BWRat19,BWRat19_032513,MATimePairFormat,BWRat19_032513_WSRestrictedIntervals.mat,uint16,"(40, 2)",seconds,"half-open [start,stop) in pipeline; official source gives start/stop seconds",auxiliary_MA,40,11,29,0,True,True,False
BWRat19,BWRat19_032513,WakeInterruptionTimePairFormat,BWRat19_032513_WSRestrictedIntervals.mat,uint16,"(45, 2)",seconds,"half-open [start,stop) in pipeline; official source gives start/stop seconds",auxiliary_WakeInterruption,45,20,25,0,True,True,False
BWRat19,BWRat19_032513,REMEpisodeTimePairFormat,BWRat19_032513_WSRestrictedIntervals.mat,uint16,"(4, 2)",seconds,"half-open [start,stop) in pipeline; official source gives start/stop seconds",episode_diagnostic,4,4,0,0,True,True,False
BWRat19,BWRat19_032513,SWSEpisodeTimePairFormat,BWRat19_032513_WSRestrictedIntervals.mat,uint16,"(4, 2)",seconds,"half-open [start,stop) in pipeline; official source gives start/stop seconds",episode_diagnostic,4,4,0,0,True,True,False
BWRat19,BWRat19_032513,WakeSleepTimePairFormat,BWRat19_032513_WSRestrictedIntervals.mat,uint16,"(2, 2)",seconds,"half-open [start,stop) in pipeline; official source gives start/stop seconds",episode_pair_diagnostic,2,2,0,0,True,True,False
BWRat19,BWRat19_032513,__SESSION_STRICT_LABEL_RECONSTRUCTION__,BWRat19_032513_WSRestrictedIntervals.mat,,,1-second bins,"target [t-1,t), full-bin coverage only",audit_summary,,,54,0,True,True,"{""counts_match"": true, ""independent_counts"": {""IGNORE"": 2161, ""NREM"": 1087, ""REM"": 227, ""WAKE"": 453}, ""m3_report_counts"": {""IGNORE"": 2161, ""NREM"": 1087, ""REM"": 227, ""WAKE"": 453}}"
BWRat20,BWRat20_101013,WakeTimePairFormat,BWRat20_101013_WSRestrictedIntervals.mat,uint16,"(2,)",seconds,"half-open [start,stop) in pipeline; official source gives start/stop seconds",core_WAKE,1,1,0,0,True,True,True
BWRat20,BWRat20_101013,SleepTimePairFormat,BWRat20_101013_WSRestrictedIntervals.mat,uint16,"(2,)",seconds,"half-open [start,stop) in pipeline; official source gives start/stop seconds",broad_SLEEP_diagnostic,1,1,0,0,True,True,False
BWRat20,BWRat20_101013,SWSPacketTimePairFormat,BWRat20_101013_WSRestrictedIntervals.mat,uint16,"(18, 2)",seconds,"half-open [start,stop) in pipeline; official source gives start/stop seconds",core_NREM,18,18,0,0,True,True,True
BWRat20,BWRat20_101013,REMTimePairFormat,BWRat20_101013_WSRestrictedIntervals.mat,uint16,"(9, 2)",seconds,"half-open [start,stop) in pipeline; official source gives start/stop seconds",core_REM,9,9,0,0,True,True,True
BWRat20,BWRat20_101013,MATimePairFormat,BWRat20_101013_WSRestrictedIntervals.mat,uint16,"(44, 2)",seconds,"half-open [start,stop) in pipeline; official source gives start/stop seconds",auxiliary_MA,44,28,16,0,True,True,False
BWRat20,BWRat20_101013,WakeInterruptionTimePairFormat,BWRat20_101013_WSRestrictedIntervals.mat,uint16,"(24, 2)",seconds,"half-open [start,stop) in pipeline; official source gives start/stop seconds",auxiliary_WakeInterruption,24,14,10,0,True,True,False
BWRat20,BWRat20_101013,REMEpisodeTimePairFormat,BWRat20_101013_WSRestrictedIntervals.mat,uint16,"(5, 2)",seconds,"half-open [start,stop) in pipeline; official source gives start/stop seconds",episode_diagnostic,5,5,0,0,True,True,False
BWRat20,BWRat20_101013,SWSEpisodeTimePairFormat,BWRat20_101013_WSRestrictedIntervals.mat,uint16,"(8, 2)",seconds,"half-open [start,stop) in pipeline; official source gives start/stop seconds",episode_diagnostic,8,8,0,0,True,True,False
BWRat20,BWRat20_101013,WakeSleepTimePairFormat,BWRat20_101013_WSRestrictedIntervals.mat,uint16,"(2, 2)",seconds,"half-open [start,stop) in pipeline; official source gives start/stop seconds",episode_pair_diagnostic,2,2,0,0,True,True,False
BWRat20,BWRat20_101013,__SESSION_STRICT_LABEL_RECONSTRUCTION__,BWRat20_101013_WSRestrictedIntervals.mat,,,1-second bins,"target [t-1,t), full-bin coverage only",audit_summary,,,26,0,True,True,"{""counts_match"": true, ""independent_counts"": {""IGNORE"": 10063, ""NREM"": 1942, ""REM"": 654, ""WAKE"": 705}, ""m3_report_counts"": {""IGNORE"": 10063, ""NREM"": 1942, ""REM"": 654, ""WAKE"": 705}}"
BWRat20,BWRat20_101513,WakeTimePairFormat,BWRat20_101513_WSRestrictedIntervals.mat,uint16,"(2, 2)",seconds,"half-open [start,stop) in pipeline; official source gives start/stop seconds",core_WAKE,2,2,0,0,True,True,True
BWRat20,BWRat20_101513,SleepTimePairFormat,BWRat20_101513_WSRestrictedIntervals.mat,uint16,"(2, 2)",seconds,"half-open [start,stop) in pipeline; official source gives start/stop seconds",broad_SLEEP_diagnostic,2,2,0,0,True,True,False
BWRat20,BWRat20_101513,SWSPacketTimePairFormat,BWRat20_101513_WSRestrictedIntervals.mat,uint16,"(35, 2)",seconds,"half-open [start,stop) in pipeline; official source gives start/stop seconds",core_NREM,35,35,0,0,True,True,True
BWRat20,BWRat20_101513,REMTimePairFormat,BWRat20_101513_WSRestrictedIntervals.mat,uint16,"(27, 2)",seconds,"half-open [start,stop) in pipeline; official source gives start/stop seconds",core_REM,27,27,0,0,True,True,True
BWRat20,BWRat20_101513,MATimePairFormat,BWRat20_101513_WSRestrictedIntervals.mat,int32,"(332, 2)",seconds,"half-open [start,stop) in pipeline; official source gives start/stop seconds",auxiliary_MA,332,75,257,0,True,True,False
BWRat20,BWRat20_101513,WakeInterruptionTimePairFormat,BWRat20_101513_WSRestrictedIntervals.mat,int32,"(313, 2)",seconds,"half-open [start,stop) in pipeline; official source gives start/stop seconds",auxiliary_WakeInterruption,313,78,235,0,True,True,False
BWRat20,BWRat20_101513,REMEpisodeTimePairFormat,BWRat20_101513_WSRestrictedIntervals.mat,uint16,"(12, 2)",seconds,"half-open [start,stop) in pipeline; official source gives start/stop seconds",episode_diagnostic,12,12,0,0,True,True,False
BWRat20,BWRat20_101513,SWSEpisodeTimePairFormat,BWRat20_101513_WSRestrictedIntervals.mat,uint16,"(16, 2)",seconds,"half-open [start,stop) in pipeline; official source gives start/stop seconds",episode_diagnostic,16,16,0,0,True,True,False
BWRat20,BWRat20_101513,WakeSleepTimePairFormat,BWRat20_101513_WSRestrictedIntervals.mat,object,"(2,)",seconds,"half-open [start,stop) in pipeline; official source gives start/stop seconds",episode_pair_diagnostic,4,4,0,0,True,True,False
BWRat20,BWRat20_101513,__SESSION_STRICT_LABEL_RECONSTRUCTION__,BWRat20_101513_WSRestrictedIntervals.mat,,,1-second bins,"target [t-1,t), full-bin coverage only",audit_summary,,,492,0,True,True,"{""counts_match"": true, ""independent_counts"": {""IGNORE"": 15771, ""NREM"": 4879, ""REM"": 1131, ""WAKE"": 1231}, ""m3_report_counts"": {""IGNORE"": 15771, ""NREM"": 4879, ""REM"": 1131, ""WAKE"": 1231}}"
BWRat21,BWRat21_121113,WakeTimePairFormat,BWRat21_121113_WSRestrictedIntervals.mat,uint16,"(2, 2)",seconds,"half-open [start,stop) in pipeline; official source gives start/stop seconds",core_WAKE,2,2,0,0,True,True,True
BWRat21,BWRat21_121113,SleepTimePairFormat,BWRat21_121113_WSRestrictedIntervals.mat,uint16,"(2, 2)",seconds,"half-open [start,stop) in pipeline; official source gives start/stop seconds",broad_SLEEP_diagnostic,2,2,0,0,True,True,False
BWRat21,BWRat21_121113,SWSPacketTimePairFormat,BWRat21_121113_WSRestrictedIntervals.mat,uint16,"(28, 2)",seconds,"half-open [start,stop) in pipeline; official source gives start/stop seconds",core_NREM,28,28,0,0,True,True,True
BWRat21,BWRat21_121113,REMTimePairFormat,BWRat21_121113_WSRestrictedIntervals.mat,uint16,"(21, 2)",seconds,"half-open [start,stop) in pipeline; official source gives start/stop seconds",core_REM,21,21,0,0,True,True,True
BWRat21,BWRat21_121113,MATimePairFormat,BWRat21_121113_WSRestrictedIntervals.mat,uint16,"(130, 2)",seconds,"half-open [start,stop) in pipeline; official source gives start/stop seconds",auxiliary_MA,130,56,74,0,True,True,False
BWRat21,BWRat21_121113,WakeInterruptionTimePairFormat,BWRat21_121113_WSRestrictedIntervals.mat,uint16,"(154, 2)",seconds,"half-open [start,stop) in pipeline; official source gives start/stop seconds",auxiliary_WakeInterruption,154,87,67,0,True,True,False
BWRat21,BWRat21_121113,REMEpisodeTimePairFormat,BWRat21_121113_WSRestrictedIntervals.mat,uint16,"(14, 2)",seconds,"half-open [start,stop) in pipeline; official source gives start/stop seconds",episode_diagnostic,14,14,0,0,True,True,False
BWRat21,BWRat21_121113,SWSEpisodeTimePairFormat,BWRat21_121113_WSRestrictedIntervals.mat,uint16,"(19, 2)",seconds,"half-open [start,stop) in pipeline; official source gives start/stop seconds",episode_diagnostic,19,19,0,0,True,True,False
BWRat21,BWRat21_121113,WakeSleepTimePairFormat,BWRat21_121113_WSRestrictedIntervals.mat,object,"(2,)",seconds,"half-open [start,stop) in pipeline; official source gives start/stop seconds",episode_pair_diagnostic,4,4,0,0,True,True,False
BWRat21,BWRat21_121113,__SESSION_STRICT_LABEL_RECONSTRUCTION__,BWRat21_121113_WSRestrictedIntervals.mat,,,1-second bins,"target [t-1,t), full-bin coverage only",audit_summary,,,141,0,True,True,"{""counts_match"": true, ""independent_counts"": {""IGNORE"": 15098, ""NREM"": 3393, ""REM"": 1279, ""WAKE"": 2113}, ""m3_report_counts"": {""IGNORE"": 15098, ""NREM"": 3393, ""REM"": 1279, ""WAKE"": 2113}}"
BWRat21,BWRat21_121613,WakeTimePairFormat,BWRat21_121613_WSRestrictedIntervals.mat,uint16,"(2,)",seconds,"half-open [start,stop) in pipeline; official source gives start/stop seconds",core_WAKE,1,1,0,0,True,True,True
BWRat21,BWRat21_121613,SleepTimePairFormat,BWRat21_121613_WSRestrictedIntervals.mat,uint16,"(2,)",seconds,"half-open [start,stop) in pipeline; official source gives start/stop seconds",broad_SLEEP_diagnostic,1,1,0,0,True,True,False
BWRat21,BWRat21_121613,SWSPacketTimePairFormat,BWRat21_121613_WSRestrictedIntervals.mat,uint16,"(6, 2)",seconds,"half-open [start,stop) in pipeline; official source gives start/stop seconds",core_NREM,6,6,0,0,True,True,True
BWRat21,BWRat21_121613,REMTimePairFormat,BWRat21_121613_WSRestrictedIntervals.mat,uint16,"(2, 2)",seconds,"half-open [start,stop) in pipeline; official source gives start/stop seconds",core_REM,2,2,0,0,True,True,True
BWRat21,BWRat21_121613,MATimePairFormat,BWRat21_121613_WSRestrictedIntervals.mat,int32,"(350, 2)",seconds,"half-open [start,stop) in pipeline; official source gives start/stop seconds",auxiliary_MA,350,43,307,0,True,True,False
BWRat21,BWRat21_121613,WakeInterruptionTimePairFormat,BWRat21_121613_WSRestrictedIntervals.mat,int32,"(285, 2)",seconds,"half-open [start,stop) in pipeline; official source gives start/stop seconds",auxiliary_WakeInterruption,285,63,222,0,True,True,False
BWRat21,BWRat21_121613,REMEpisodeTimePairFormat,BWRat21_121613_WSRestrictedIntervals.mat,uint16,"(2, 2)",seconds,"half-open [start,stop) in pipeline; official source gives start/stop seconds",episode_diagnostic,2,2,0,0,True,True,False
BWRat21,BWRat21_121613,SWSEpisodeTimePairFormat,BWRat21_121613_WSRestrictedIntervals.mat,uint16,"(3, 2)",seconds,"half-open [start,stop) in pipeline; official source gives start/stop seconds",episode_diagnostic,3,3,0,0,True,True,False
BWRat21,BWRat21_121613,WakeSleepTimePairFormat,BWRat21_121613_WSRestrictedIntervals.mat,uint16,"(2, 2)",seconds,"half-open [start,stop) in pipeline; official source gives start/stop seconds",episode_pair_diagnostic,2,2,0,0,True,True,False
BWRat21,BWRat21_121613,__SESSION_STRICT_LABEL_RECONSTRUCTION__,BWRat21_121613_WSRestrictedIntervals.mat,,,1-second bins,"target [t-1,t), full-bin coverage only",audit_summary,,,529,0,True,True,"{""counts_match"": true, ""independent_counts"": {""IGNORE"": 19309, ""NREM"": 1534, ""REM"": 230, ""WAKE"": 469}, ""m3_report_counts"": {""IGNORE"": 19309, ""NREM"": 1534, ""REM"": 230, ""WAKE"": 469}}"
BWRat21,BWRat21_121813,WakeTimePairFormat,BWRat21_121813_WSRestrictedIntervals.mat,uint16,"(3, 2)",seconds,"half-open [start,stop) in pipeline; official source gives start/stop seconds",core_WAKE,3,3,0,0,True,True,True
BWRat21,BWRat21_121813,SleepTimePairFormat,BWRat21_121813_WSRestrictedIntervals.mat,float64,"(3, 2)",seconds,"half-open [start,stop) in pipeline; official source gives start/stop seconds",broad_SLEEP_diagnostic,3,3,0,0,True,True,False
BWRat21,BWRat21_121813,SWSPacketTimePairFormat,BWRat21_121813_WSRestrictedIntervals.mat,uint16,"(49, 2)",seconds,"half-open [start,stop) in pipeline; official source gives start/stop seconds",core_NREM,49,49,0,0,True,True,True
BWRat21,BWRat21_121813,REMTimePairFormat,BWRat21_121813_WSRestrictedIntervals.mat,float64,"(67, 2)",seconds,"half-open [start,stop) in pipeline; official source gives start/stop seconds",core_REM,67,67,0,0,True,True,True
BWRat21,BWRat21_121813,MATimePairFormat,BWRat21_121813_WSRestrictedIntervals.mat,int32,"(176, 2)",seconds,"half-open [start,stop) in pipeline; official source gives start/stop seconds",auxiliary_MA,176,23,153,0,True,True,False
BWRat21,BWRat21_121813,WakeInterruptionTimePairFormat,BWRat21_121813_WSRestrictedIntervals.mat,int32,"(355, 2)",seconds,"half-open [start,stop) in pipeline; official source gives start/stop seconds",auxiliary_WakeInterruption,355,59,296,0,True,True,False
BWRat21,BWRat21_121813,REMEpisodeTimePairFormat,BWRat21_121813_WSRestrictedIntervals.mat,float64,"(29, 2)",seconds,"half-open [start,stop) in pipeline; official source gives start/stop seconds",episode_diagnostic,29,29,0,0,True,True,False
BWRat21,BWRat21_121813,SWSEpisodeTimePairFormat,BWRat21_121813_WSRestrictedIntervals.mat,uint16,"(32, 2)",seconds,"half-open [start,stop) in pipeline; official source gives start/stop seconds",episode_diagnostic,32,32,0,0,True,True,False
BWRat21,BWRat21_121813,WakeSleepTimePairFormat,BWRat21_121813_WSRestrictedIntervals.mat,object,"(3,)",seconds,"half-open [start,stop) in pipeline; official source gives start/stop seconds",episode_pair_diagnostic,6,6,0,0,True,True,False
BWRat21,BWRat21_121813,__SESSION_STRICT_LABEL_RECONSTRUCTION__,BWRat21_121813_WSRestrictedIntervals.mat,,,1-second bins,"target [t-1,t), full-bin coverage only",audit_summary,,,449,0,True,True,"{""counts_match"": true, ""independent_counts"": {""IGNORE"": 4270, ""NREM"": 7669, ""REM"": 3458, ""WAKE"": 6308}, ""m3_report_counts"": {""IGNORE"": 4270, ""NREM"": 7669, ""REM"": 3458, ""WAKE"": 6308}}"
Dino,Dino_061814_mPFC,WakeTimePairFormat,Dino_061814_mPFC_WSRestrictedIntervals.mat,uint16,"(2, 2)",seconds,"half-open [start,stop) in pipeline; official source gives start/stop seconds",core_WAKE,2,2,0,0,True,True,True
Dino,Dino_061814_mPFC,SleepTimePairFormat,Dino_061814_mPFC_WSRestrictedIntervals.mat,uint16,"(2, 2)",seconds,"half-open [start,stop) in pipeline; official source gives start/stop seconds",broad_SLEEP_diagnostic,2,2,0,0,True,True,False
Dino,Dino_061814_mPFC,SWSPacketTimePairFormat,Dino_061814_mPFC_WSRestrictedIntervals.mat,uint16,"(29, 2)",seconds,"half-open [start,stop) in pipeline; official source gives start/stop seconds",core_NREM,29,29,0,0,True,True,True
Dino,Dino_061814_mPFC,REMTimePairFormat,Dino_061814_mPFC_WSRestrictedIntervals.mat,uint16,"(17, 2)",seconds,"half-open [start,stop) in pipeline; official source gives start/stop seconds",core_REM,17,17,0,0,True,True,True
Dino,Dino_061814_mPFC,MATimePairFormat,Dino_061814_mPFC_WSRestrictedIntervals.mat,uint16,"(65, 2)",seconds,"half-open [start,stop) in pipeline; official source gives start/stop seconds",auxiliary_MA,65,65,0,0,True,True,False
Dino,Dino_061814_mPFC,WakeInterruptionTimePairFormat,Dino_061814_mPFC_WSRestrictedIntervals.mat,uint16,"(61, 2)",seconds,"half-open [start,stop) in pipeline; official source gives start/stop seconds",auxiliary_WakeInterruption,61,61,0,0,True,True,False
Dino,Dino_061814_mPFC,REMEpisodeTimePairFormat,Dino_061814_mPFC_WSRestrictedIntervals.mat,uint16,"(10, 2)",seconds,"half-open [start,stop) in pipeline; official source gives start/stop seconds",episode_diagnostic,10,10,0,0,True,True,False
Dino,Dino_061814_mPFC,SWSEpisodeTimePairFormat,Dino_061814_mPFC_WSRestrictedIntervals.mat,uint16,"(14, 2)",seconds,"half-open [start,stop) in pipeline; official source gives start/stop seconds",episode_diagnostic,14,14,0,0,True,True,False
Dino,Dino_061814_mPFC,WakeSleepTimePairFormat,Dino_061814_mPFC_WSRestrictedIntervals.mat,object,"(2,)",seconds,"half-open [start,stop) in pipeline; official source gives start/stop seconds",episode_pair_diagnostic,4,4,0,0,True,True,False
Dino,Dino_061814_mPFC,__SESSION_STRICT_LABEL_RECONSTRUCTION__,Dino_061814_mPFC_WSRestrictedIntervals.mat,,,1-second bins,"target [t-1,t), full-bin coverage only",audit_summary,,,0,0,True,True,"{""counts_match"": true, ""independent_counts"": {""IGNORE"": 12021, ""NREM"": 2801, ""REM"": 698, ""WAKE"": 4126}, ""m3_report_counts"": {""IGNORE"": 12021, ""NREM"": 2801, ""REM"": 698, ""WAKE"": 4126}}"
Dino,Dino_061914_ACC,WakeTimePairFormat,Dino_061914_ACC_WSRestrictedIntervals.mat,uint16,"(2,)",seconds,"half-open [start,stop) in pipeline; official source gives start/stop seconds",core_WAKE,1,1,0,0,True,True,True
Dino,Dino_061914_ACC,SleepTimePairFormat,Dino_061914_ACC_WSRestrictedIntervals.mat,uint16,"(2,)",seconds,"half-open [start,stop) in pipeline; official source gives start/stop seconds",broad_SLEEP_diagnostic,1,1,0,0,True,True,False
Dino,Dino_061914_ACC,SWSPacketTimePairFormat,Dino_061914_ACC_WSRestrictedIntervals.mat,uint16,"(11, 2)",seconds,"half-open [start,stop) in pipeline; official source gives start/stop seconds",core_NREM,11,11,0,0,True,True,True
Dino,Dino_061914_ACC,REMTimePairFormat,Dino_061914_ACC_WSRestrictedIntervals.mat,uint16,"(5, 2)",seconds,"half-open [start,stop) in pipeline; official source gives start/stop seconds",core_REM,5,5,0,0,True,True,True
Dino,Dino_061914_ACC,MATimePairFormat,Dino_061914_ACC_WSRestrictedIntervals.mat,uint16,"(36, 2)",seconds,"half-open [start,stop) in pipeline; official source gives start/stop seconds",auxiliary_MA,36,24,12,0,True,True,False
Dino,Dino_061914_ACC,WakeInterruptionTimePairFormat,Dino_061914_ACC_WSRestrictedIntervals.mat,uint16,"(40, 2)",seconds,"half-open [start,stop) in pipeline; official source gives start/stop seconds",auxiliary_WakeInterruption,40,27,13,0,True,True,False
Dino,Dino_061914_ACC,REMEpisodeTimePairFormat,Dino_061914_ACC_WSRestrictedIntervals.mat,uint16,"(4, 2)",seconds,"half-open [start,stop) in pipeline; official source gives start/stop seconds",episode_diagnostic,4,4,0,0,True,True,False
Dino,Dino_061914_ACC,SWSEpisodeTimePairFormat,Dino_061914_ACC_WSRestrictedIntervals.mat,uint16,"(5, 2)",seconds,"half-open [start,stop) in pipeline; official source gives start/stop seconds",episode_diagnostic,5,5,0,0,True,True,False
Dino,Dino_061914_ACC,WakeSleepTimePairFormat,Dino_061914_ACC_WSRestrictedIntervals.mat,uint16,"(2, 2)",seconds,"half-open [start,stop) in pipeline; official source gives start/stop seconds",episode_pair_diagnostic,2,2,0,0,True,True,False
Dino,Dino_061914_ACC,__SESSION_STRICT_LABEL_RECONSTRUCTION__,Dino_061914_ACC_WSRestrictedIntervals.mat,,,1-second bins,"target [t-1,t), full-bin coverage only",audit_summary,,,25,0,True,True,"{""counts_match"": true, ""independent_counts"": {""IGNORE"": 14925, ""NREM"": 1665, ""REM"": 299, ""WAKE"": 630}, ""m3_report_counts"": {""IGNORE"": 14925, ""NREM"": 1665, ""REM"": 299, ""WAKE"": 630}}"
Dino,Dino_061914_mPFC,WakeTimePairFormat,Dino_061914_mPFC_WSRestrictedIntervals.mat,uint16,"(2,)",seconds,"half-open [start,stop) in pipeline; official source gives start/stop seconds",core_WAKE,1,1,0,0,True,True,True
Dino,Dino_061914_mPFC,SleepTimePairFormat,Dino_061914_mPFC_WSRestrictedIntervals.mat,uint16,"(2,)",seconds,"half-open [start,stop) in pipeline; official source gives start/stop seconds",broad_SLEEP_diagnostic,1,1,0,0,True,True,False
Dino,Dino_061914_mPFC,SWSPacketTimePairFormat,Dino_061914_mPFC_WSRestrictedIntervals.mat,uint16,"(12, 2)",seconds,"half-open [start,stop) in pipeline; official source gives start/stop seconds",core_NREM,12,12,0,0,True,True,True
Dino,Dino_061914_mPFC,REMTimePairFormat,Dino_061914_mPFC_WSRestrictedIntervals.mat,uint16,"(5, 2)",seconds,"half-open [start,stop) in pipeline; official source gives start/stop seconds",core_REM,5,5,0,0,True,True,True
Dino,Dino_061914_mPFC,MATimePairFormat,Dino_061914_mPFC_WSRestrictedIntervals.mat,uint16,"(43, 2)",seconds,"half-open [start,stop) in pipeline; official source gives start/stop seconds",auxiliary_MA,43,28,15,0,True,True,False
Dino,Dino_061914_mPFC,WakeInterruptionTimePairFormat,Dino_061914_mPFC_WSRestrictedIntervals.mat,uint16,"(46, 2)",seconds,"half-open [start,stop) in pipeline; official source gives start/stop seconds",auxiliary_WakeInterruption,46,28,18,0,True,True,False
Dino,Dino_061914_mPFC,REMEpisodeTimePairFormat,Dino_061914_mPFC_WSRestrictedIntervals.mat,uint16,"(4, 2)",seconds,"half-open [start,stop) in pipeline; official source gives start/stop seconds",episode_diagnostic,4,4,0,0,True,True,False
Dino,Dino_061914_mPFC,SWSEpisodeTimePairFormat,Dino_061914_mPFC_WSRestrictedIntervals.mat,uint16,"(5, 2)",seconds,"half-open [start,stop) in pipeline; official source gives start/stop seconds",episode_diagnostic,5,5,0,0,True,True,False
Dino,Dino_061914_mPFC,WakeSleepTimePairFormat,Dino_061914_mPFC_WSRestrictedIntervals.mat,uint16,"(2, 2)",seconds,"half-open [start,stop) in pipeline; official source gives start/stop seconds",episode_pair_diagnostic,2,2,0,0,True,True,False
Dino,Dino_061914_mPFC,__SESSION_STRICT_LABEL_RECONSTRUCTION__,Dino_061914_mPFC_WSRestrictedIntervals.mat,,,1-second bins,"target [t-1,t), full-bin coverage only",audit_summary,,,33,0,True,True,"{""counts_match"": true, ""independent_counts"": {""IGNORE"": 14996, ""NREM"": 1597, ""REM"": 296, ""WAKE"": 630}, ""m3_report_counts"": {""IGNORE"": 14996, ""NREM"": 1597, ""REM"": 296, ""WAKE"": 630}}"
Dino,Dino_062014_ACC,WakeTimePairFormat,Dino_062014_ACC_WSRestrictedIntervals.mat,uint16,"(3, 2)",seconds,"half-open [start,stop) in pipeline; official source gives start/stop seconds",core_WAKE,3,3,0,0,True,True,True
Dino,Dino_062014_ACC,SleepTimePairFormat,Dino_062014_ACC_WSRestrictedIntervals.mat,uint16,"(3, 2)",seconds,"half-open [start,stop) in pipeline; official source gives start/stop seconds",broad_SLEEP_diagnostic,3,3,0,0,True,True,False
Dino,Dino_062014_ACC,SWSPacketTimePairFormat,Dino_062014_ACC_WSRestrictedIntervals.mat,uint16,"(41, 2)",seconds,"half-open [start,stop) in pipeline; official source gives start/stop seconds",core_NREM,41,41,0,0,True,True,True
Dino,Dino_062014_ACC,REMTimePairFormat,Dino_062014_ACC_WSRestrictedIntervals.mat,uint16,"(21, 2)",seconds,"half-open [start,stop) in pipeline; official source gives start/stop seconds",core_REM,21,21,0,0,True,True,True
Dino,Dino_062014_ACC,MATimePairFormat,Dino_062014_ACC_WSRestrictedIntervals.mat,uint16,"(49, 2)",seconds,"half-open [start,stop) in pipeline; official source gives start/stop seconds",auxiliary_MA,49,49,0,0,True,True,False
Dino,Dino_062014_ACC,WakeInterruptionTimePairFormat,Dino_062014_ACC_WSRestrictedIntervals.mat,uint16,"(36, 2)",seconds,"half-open [start,stop) in pipeline; official source gives start/stop seconds",auxiliary_WakeInterruption,36,36,0,0,True,True,False
Dino,Dino_062014_ACC,REMEpisodeTimePairFormat,Dino_062014_ACC_WSRestrictedIntervals.mat,uint16,"(18, 2)",seconds,"half-open [start,stop) in pipeline; official source gives start/stop seconds",episode_diagnostic,18,18,0,0,True,True,False
Dino,Dino_062014_ACC,SWSEpisodeTimePairFormat,Dino_062014_ACC_WSRestrictedIntervals.mat,uint16,"(22, 2)",seconds,"half-open [start,stop) in pipeline; official source gives start/stop seconds",episode_diagnostic,22,22,0,0,True,True,False
Dino,Dino_062014_ACC,WakeSleepTimePairFormat,Dino_062014_ACC_WSRestrictedIntervals.mat,object,"(3,)",seconds,"half-open [start,stop) in pipeline; official source gives start/stop seconds",episode_pair_diagnostic,6,6,0,0,True,True,False
Dino,Dino_062014_ACC,__SESSION_STRICT_LABEL_RECONSTRUCTION__,Dino_062014_ACC_WSRestrictedIntervals.mat,,,1-second bins,"target [t-1,t), full-bin coverage only",audit_summary,,,0,0,True,True,"{""counts_match"": true, ""independent_counts"": {""IGNORE"": 9931, ""NREM"": 7632, ""REM"": 1826, ""WAKE"": 2974}, ""m3_report_counts"": {""IGNORE"": 9931, ""NREM"": 7632, ""REM"": 1826, ""WAKE"": 2974}}"
Dino,Dino_062014_mPFC,WakeTimePairFormat,Dino_062014_mPFC_WSRestrictedIntervals.mat,uint16,"(3, 2)",seconds,"half-open [start,stop) in pipeline; official source gives start/stop seconds",core_WAKE,3,3,0,0,True,True,True
Dino,Dino_062014_mPFC,SleepTimePairFormat,Dino_062014_mPFC_WSRestrictedIntervals.mat,uint16,"(3, 2)",seconds,"half-open [start,stop) in pipeline; official source gives start/stop seconds",broad_SLEEP_diagnostic,3,3,0,0,True,True,False
Dino,Dino_062014_mPFC,SWSPacketTimePairFormat,Dino_062014_mPFC_WSRestrictedIntervals.mat,uint16,"(17, 2)",seconds,"half-open [start,stop) in pipeline; official source gives start/stop seconds",core_NREM,17,17,0,0,True,True,True
Dino,Dino_062014_mPFC,REMTimePairFormat,Dino_062014_mPFC_WSRestrictedIntervals.mat,uint16,"(10, 2)",seconds,"half-open [start,stop) in pipeline; official source gives start/stop seconds",core_REM,10,10,0,0,True,True,True
Dino,Dino_062014_mPFC,MATimePairFormat,Dino_062014_mPFC_WSRestrictedIntervals.mat,uint16,"(57, 2)",seconds,"half-open [start,stop) in pipeline; official source gives start/stop seconds",auxiliary_MA,57,57,0,0,True,True,False
Dino,Dino_062014_mPFC,WakeInterruptionTimePairFormat,Dino_062014_mPFC_WSRestrictedIntervals.mat,uint16,"(46, 2)",seconds,"half-open [start,stop) in pipeline; official source gives start/stop seconds",auxiliary_WakeInterruption,46,46,0,0,True,True,False
Dino,Dino_062014_mPFC,REMEpisodeTimePairFormat,Dino_062014_mPFC_WSRestrictedIntervals.mat,uint16,"(8, 2)",seconds,"half-open [start,stop) in pipeline; official source gives start/stop seconds",episode_diagnostic,8,8,0,0,True,True,False
Dino,Dino_062014_mPFC,SWSEpisodeTimePairFormat,Dino_062014_mPFC_WSRestrictedIntervals.mat,uint16,"(11, 2)",seconds,"half-open [start,stop) in pipeline; official source gives start/stop seconds",episode_diagnostic,11,11,0,0,True,True,False
Dino,Dino_062014_mPFC,WakeSleepTimePairFormat,Dino_062014_mPFC_WSRestrictedIntervals.mat,object,"(3,)",seconds,"half-open [start,stop) in pipeline; official source gives start/stop seconds",episode_pair_diagnostic,6,6,0,0,True,True,False
Dino,Dino_062014_mPFC,__SESSION_STRICT_LABEL_RECONSTRUCTION__,Dino_062014_mPFC_WSRestrictedIntervals.mat,,,1-second bins,"target [t-1,t), full-bin coverage only",audit_summary,,,0,0,True,True,"{""counts_match"": true, ""independent_counts"": {""IGNORE"": 15494, ""NREM"": 3462, ""REM"": 811, ""WAKE"": 2596}, ""m3_report_counts"": {""IGNORE"": 15494, ""NREM"": 3462, ""REM"": 811, ""WAKE"": 2596}}"
Dino,Dino_072114_mPFC,WakeTimePairFormat,Dino_072114_mPFC_WSRestrictedIntervals.mat,uint16,"(2,)",seconds,"half-open [start,stop) in pipeline; official source gives start/stop seconds",core_WAKE,1,1,0,0,True,True,True
Dino,Dino_072114_mPFC,SleepTimePairFormat,Dino_072114_mPFC_WSRestrictedIntervals.mat,uint16,"(2,)",seconds,"half-open [start,stop) in pipeline; official source gives start/stop seconds",broad_SLEEP_diagnostic,1,1,0,0,True,True,False
Dino,Dino_072114_mPFC,SWSPacketTimePairFormat,Dino_072114_mPFC_WSRestrictedIntervals.mat,uint16,"(3, 2)",seconds,"half-open [start,stop) in pipeline; official source gives start/stop seconds",core_NREM,3,3,0,0,True,True,True
Dino,Dino_072114_mPFC,REMTimePairFormat,Dino_072114_mPFC_WSRestrictedIntervals.mat,uint16,"(5, 2)",seconds,"half-open [start,stop) in pipeline; official source gives start/stop seconds",core_REM,5,5,0,0,True,True,True
Dino,Dino_072114_mPFC,MATimePairFormat,Dino_072114_mPFC_WSRestrictedIntervals.mat,uint16,"(80, 2)",seconds,"half-open [start,stop) in pipeline; official source gives start/stop seconds",auxiliary_MA,80,15,65,0,True,True,False
Dino,Dino_072114_mPFC,WakeInterruptionTimePairFormat,Dino_072114_mPFC_WSRestrictedIntervals.mat,uint16,"(81, 2)",seconds,"half-open [start,stop) in pipeline; official source gives start/stop seconds",auxiliary_WakeInterruption,81,16,65,0,True,True,False
Dino,Dino_072114_mPFC,REMEpisodeTimePairFormat,Dino_072114_mPFC_WSRestrictedIntervals.mat,uint16,"(3, 2)",seconds,"half-open [start,stop) in pipeline; official source gives start/stop seconds",episode_diagnostic,3,3,0,0,True,True,False
Dino,Dino_072114_mPFC,SWSEpisodeTimePairFormat,Dino_072114_mPFC_WSRestrictedIntervals.mat,uint16,"(3, 2)",seconds,"half-open [start,stop) in pipeline; official source gives start/stop seconds",episode_diagnostic,3,3,0,0,True,True,False
Dino,Dino_072114_mPFC,WakeSleepTimePairFormat,Dino_072114_mPFC_WSRestrictedIntervals.mat,uint16,"(2, 2)",seconds,"half-open [start,stop) in pipeline; official source gives start/stop seconds",episode_pair_diagnostic,2,2,0,0,True,True,False
Dino,Dino_072114_mPFC,__SESSION_STRICT_LABEL_RECONSTRUCTION__,Dino_072114_mPFC_WSRestrictedIntervals.mat,,,1-second bins,"target [t-1,t), full-bin coverage only",audit_summary,,,130,0,True,True,"{""counts_match"": true, ""independent_counts"": {""IGNORE"": 3406, ""NREM"": 1072, ""REM"": 239, ""WAKE"": 3241}, ""m3_report_counts"": {""IGNORE"": 3406, ""NREM"": 1072, ""REM"": 239, ""WAKE"": 3241}}"
Dino,Dino_072314_mPFC,WakeTimePairFormat,Dino_072314_mPFC_WSRestrictedIntervals.mat,uint16,"(2, 2)",seconds,"half-open [start,stop) in pipeline; official source gives start/stop seconds",core_WAKE,2,2,0,0,True,True,True
Dino,Dino_072314_mPFC,SleepTimePairFormat,Dino_072314_mPFC_WSRestrictedIntervals.mat,uint16,"(2, 2)",seconds,"half-open [start,stop) in pipeline; official source gives start/stop seconds",broad_SLEEP_diagnostic,2,2,0,0,True,True,False
Dino,Dino_072314_mPFC,SWSPacketTimePairFormat,Dino_072314_mPFC_WSRestrictedIntervals.mat,uint16,"(16, 2)",seconds,"half-open [start,stop) in pipeline; official source gives start/stop seconds",core_NREM,16,16,0,0,True,True,True
Dino,Dino_072314_mPFC,REMTimePairFormat,Dino_072314_mPFC_WSRestrictedIntervals.mat,uint16,"(11, 2)",seconds,"half-open [start,stop) in pipeline; official source gives start/stop seconds",core_REM,11,11,0,0,True,True,True
Dino,Dino_072314_mPFC,MATimePairFormat,Dino_072314_mPFC_WSRestrictedIntervals.mat,uint16,"(75, 2)",seconds,"half-open [start,stop) in pipeline; official source gives start/stop seconds",auxiliary_MA,75,24,51,0,True,True,False
Dino,Dino_072314_mPFC,WakeInterruptionTimePairFormat,Dino_072314_mPFC_WSRestrictedIntervals.mat,uint16,"(89, 2)",seconds,"half-open [start,stop) in pipeline; official source gives start/stop seconds",auxiliary_WakeInterruption,89,43,46,0,True,True,False
Dino,Dino_072314_mPFC,REMEpisodeTimePairFormat,Dino_072314_mPFC_WSRestrictedIntervals.mat,uint16,"(5, 2)",seconds,"half-open [start,stop) in pipeline; official source gives start/stop seconds",episode_diagnostic,5,5,0,0,True,True,False
Dino,Dino_072314_mPFC,SWSEpisodeTimePairFormat,Dino_072314_mPFC_WSRestrictedIntervals.mat,uint16,"(8, 2)",seconds,"half-open [start,stop) in pipeline; official source gives start/stop seconds",episode_diagnostic,8,8,0,0,True,True,False
Dino,Dino_072314_mPFC,WakeSleepTimePairFormat,Dino_072314_mPFC_WSRestrictedIntervals.mat,object,"(2,)",seconds,"half-open [start,stop) in pipeline; official source gives start/stop seconds",episode_pair_diagnostic,4,4,0,0,True,True,False
Dino,Dino_072314_mPFC,__SESSION_STRICT_LABEL_RECONSTRUCTION__,Dino_072314_mPFC_WSRestrictedIntervals.mat,,,1-second bins,"target [t-1,t), full-bin coverage only",audit_summary,,,97,0,True,True,"{""counts_match"": true, ""independent_counts"": {""IGNORE"": 6233, ""NREM"": 1834, ""REM"": 610, ""WAKE"": 1644}, ""m3_report_counts"": {""IGNORE"": 6233, ""NREM"": 1834, ""REM"": 610, ""WAKE"": 1644}}"
Dino,Dino_072414_mPFC,WakeTimePairFormat,Dino_072414_mPFC_WSRestrictedIntervals.mat,uint16,"(2,)",seconds,"half-open [start,stop) in pipeline; official source gives start/stop seconds",core_WAKE,1,1,0,0,True,True,True
Dino,Dino_072414_mPFC,SleepTimePairFormat,Dino_072414_mPFC_WSRestrictedIntervals.mat,uint16,"(2,)",seconds,"half-open [start,stop) in pipeline; official source gives start/stop seconds",broad_SLEEP_diagnostic,1,1,0,0,True,True,False
Dino,Dino_072414_mPFC,SWSPacketTimePairFormat,Dino_072414_mPFC_WSRestrictedIntervals.mat,uint16,"(6, 2)",seconds,"half-open [start,stop) in pipeline; official source gives start/stop seconds",core_NREM,6,6,0,0,True,True,True
Dino,Dino_072414_mPFC,REMTimePairFormat,Dino_072414_mPFC_WSRestrictedIntervals.mat,uint16,"(2,)",seconds,"half-open [start,stop) in pipeline; official source gives start/stop seconds",core_REM,1,1,0,0,True,True,True
Dino,Dino_072414_mPFC,MATimePairFormat,Dino_072414_mPFC_WSRestrictedIntervals.mat,uint16,"(71, 2)",seconds,"half-open [start,stop) in pipeline; official source gives start/stop seconds",auxiliary_MA,71,34,37,0,True,True,False
Dino,Dino_072414_mPFC,WakeInterruptionTimePairFormat,Dino_072414_mPFC_WSRestrictedIntervals.mat,uint16,"(84, 2)",seconds,"half-open [start,stop) in pipeline; official source gives start/stop seconds",auxiliary_WakeInterruption,84,41,43,0,True,True,False
Dino,Dino_072414_mPFC,REMEpisodeTimePairFormat,Dino_072414_mPFC_WSRestrictedIntervals.mat,uint16,"(2,)",seconds,"half-open [start,stop) in pipeline; official source gives start/stop seconds",episode_diagnostic,1,1,0,0,True,True,False
Dino,Dino_072414_mPFC,SWSEpisodeTimePairFormat,Dino_072414_mPFC_WSRestrictedIntervals.mat,uint16,"(4, 2)",seconds,"half-open [start,stop) in pipeline; official source gives start/stop seconds",episode_diagnostic,4,4,0,0,True,True,False
Dino,Dino_072414_mPFC,WakeSleepTimePairFormat,Dino_072414_mPFC_WSRestrictedIntervals.mat,uint16,"(2, 2)",seconds,"half-open [start,stop) in pipeline; official source gives start/stop seconds",episode_pair_diagnostic,2,2,0,0,True,True,False
Dino,Dino_072414_mPFC,__SESSION_STRICT_LABEL_RECONSTRUCTION__,Dino_072414_mPFC_WSRestrictedIntervals.mat,,,1-second bins,"target [t-1,t), full-bin coverage only",audit_summary,,,80,0,True,True,"{""counts_match"": true, ""independent_counts"": {""IGNORE"": 8949, ""NREM"": 993, ""REM"": 165, ""WAKE"": 3101}, ""m3_report_counts"": {""IGNORE"": 8949, ""NREM"": 993, ""REM"": 165, ""WAKE"": 3101}}"
JennBuzsaki22,20140526_277um,WakeTimePairFormat,20140526_277um_WSRestrictedIntervals.mat,uint16,"(2, 2)",seconds,"half-open [start,stop) in pipeline; official source gives start/stop seconds",core_WAKE,2,2,0,0,True,True,True
JennBuzsaki22,20140526_277um,SleepTimePairFormat,20140526_277um_WSRestrictedIntervals.mat,uint16,"(2, 2)",seconds,"half-open [start,stop) in pipeline; official source gives start/stop seconds",broad_SLEEP_diagnostic,2,2,0,0,True,True,False
JennBuzsaki22,20140526_277um,SWSPacketTimePairFormat,20140526_277um_WSRestrictedIntervals.mat,uint16,"(26, 2)",seconds,"half-open [start,stop) in pipeline; official source gives start/stop seconds",core_NREM,26,26,0,0,True,True,True
JennBuzsaki22,20140526_277um,REMTimePairFormat,20140526_277um_WSRestrictedIntervals.mat,uint16,"(6, 2)",seconds,"half-open [start,stop) in pipeline; official source gives start/stop seconds",core_REM,6,6,0,0,True,True,True
JennBuzsaki22,20140526_277um,MATimePairFormat,20140526_277um_WSRestrictedIntervals.mat,uint16,"(55, 2)",seconds,"half-open [start,stop) in pipeline; official source gives start/stop seconds",auxiliary_MA,55,55,0,0,True,True,False
JennBuzsaki22,20140526_277um,WakeInterruptionTimePairFormat,20140526_277um_WSRestrictedIntervals.mat,uint16,"(18, 2)",seconds,"half-open [start,stop) in pipeline; official source gives start/stop seconds",auxiliary_WakeInterruption,18,18,0,0,True,True,False
JennBuzsaki22,20140526_277um,REMEpisodeTimePairFormat,20140526_277um_WSRestrictedIntervals.mat,uint16,"(3, 2)",seconds,"half-open [start,stop) in pipeline; official source gives start/stop seconds",episode_diagnostic,3,3,0,0,True,True,False
JennBuzsaki22,20140526_277um,SWSEpisodeTimePairFormat,20140526_277um_WSRestrictedIntervals.mat,uint16,"(9, 2)",seconds,"half-open [start,stop) in pipeline; official source gives start/stop seconds",episode_diagnostic,9,9,0,0,True,True,False
JennBuzsaki22,20140526_277um,WakeSleepTimePairFormat,20140526_277um_WSRestrictedIntervals.mat,object,"(2,)",seconds,"half-open [start,stop) in pipeline; official source gives start/stop seconds",episode_pair_diagnostic,4,4,0,0,True,True,False
JennBuzsaki22,20140526_277um,__SESSION_STRICT_LABEL_RECONSTRUCTION__,20140526_277um_WSRestrictedIntervals.mat,,,1-second bins,"target [t-1,t), full-bin coverage only",audit_summary,,,0,0,True,True,"{""counts_match"": true, ""independent_counts"": {""IGNORE"": 8496, ""NREM"": 2754, ""REM"": 181, ""WAKE"": 2141}, ""m3_report_counts"": {""IGNORE"": 8496, ""NREM"": 2754, ""REM"": 181, ""WAKE"": 2141}}"
JennBuzsaki22,20140527_421um,WakeTimePairFormat,20140527_421um_WSRestrictedIntervals.mat,uint16,"(2,)",seconds,"half-open [start,stop) in pipeline; official source gives start/stop seconds",core_WAKE,1,1,0,0,True,True,True
JennBuzsaki22,20140527_421um,SleepTimePairFormat,20140527_421um_WSRestrictedIntervals.mat,uint16,"(2,)",seconds,"half-open [start,stop) in pipeline; official source gives start/stop seconds",broad_SLEEP_diagnostic,1,1,0,0,True,True,False
JennBuzsaki22,20140527_421um,SWSPacketTimePairFormat,20140527_421um_WSRestrictedIntervals.mat,uint16,"(8, 2)",seconds,"half-open [start,stop) in pipeline; official source gives start/stop seconds",core_NREM,8,8,0,0,True,True,True
JennBuzsaki22,20140527_421um,REMTimePairFormat,20140527_421um_WSRestrictedIntervals.mat,uint16,"(5, 2)",seconds,"half-open [start,stop) in pipeline; official source gives start/stop seconds",core_REM,5,5,0,0,True,True,True
JennBuzsaki22,20140527_421um,MATimePairFormat,20140527_421um_WSRestrictedIntervals.mat,uint16,"(33, 2)",seconds,"half-open [start,stop) in pipeline; official source gives start/stop seconds",auxiliary_MA,33,33,0,0,True,True,False
JennBuzsaki22,20140527_421um,WakeInterruptionTimePairFormat,20140527_421um_WSRestrictedIntervals.mat,uint16,"(35, 2)",seconds,"half-open [start,stop) in pipeline; official source gives start/stop seconds",auxiliary_WakeInterruption,35,35,0,0,True,True,False
JennBuzsaki22,20140527_421um,REMEpisodeTimePairFormat,20140527_421um_WSRestrictedIntervals.mat,uint16,"(2, 2)",seconds,"half-open [start,stop) in pipeline; official source gives start/stop seconds",episode_diagnostic,2,2,0,0,True,True,False
JennBuzsaki22,20140527_421um,SWSEpisodeTimePairFormat,20140527_421um_WSRestrictedIntervals.mat,uint16,"(4, 2)",seconds,"half-open [start,stop) in pipeline; official source gives start/stop seconds",episode_diagnostic,4,4,0,0,True,True,False
JennBuzsaki22,20140527_421um,WakeSleepTimePairFormat,20140527_421um_WSRestrictedIntervals.mat,uint16,"(2, 2)",seconds,"half-open [start,stop) in pipeline; official source gives start/stop seconds",episode_pair_diagnostic,2,2,0,0,True,True,False
JennBuzsaki22,20140527_421um,__SESSION_STRICT_LABEL_RECONSTRUCTION__,20140527_421um_WSRestrictedIntervals.mat,,,1-second bins,"target [t-1,t), full-bin coverage only",audit_summary,,,0,0,True,True,"{""counts_match"": true, ""independent_counts"": {""IGNORE"": 13981, ""NREM"": 1911, ""REM"": 205, ""WAKE"": 1518}, ""m3_report_counts"": {""IGNORE"": 13981, ""NREM"": 1911, ""REM"": 205, ""WAKE"": 1518}}"
JennBuzsaki22,20140528_565um,WakeTimePairFormat,20140528_565um_WSRestrictedIntervals.mat,uint16,"(2,)",seconds,"half-open [start,stop) in pipeline; official source gives start/stop seconds",core_WAKE,1,1,0,0,True,True,True
JennBuzsaki22,20140528_565um,SleepTimePairFormat,20140528_565um_WSRestrictedIntervals.mat,uint16,"(2,)",seconds,"half-open [start,stop) in pipeline; official source gives start/stop seconds",broad_SLEEP_diagnostic,1,1,0,0,True,True,False
JennBuzsaki22,20140528_565um,SWSPacketTimePairFormat,20140528_565um_WSRestrictedIntervals.mat,uint16,"(15, 2)",seconds,"half-open [start,stop) in pipeline; official source gives start/stop seconds",core_NREM,15,15,0,0,True,True,True
JennBuzsaki22,20140528_565um,REMTimePairFormat,20140528_565um_WSRestrictedIntervals.mat,uint16,"(14, 2)",seconds,"half-open [start,stop) in pipeline; official source gives start/stop seconds",core_REM,14,14,0,0,True,True,True
JennBuzsaki22,20140528_565um,MATimePairFormat,20140528_565um_WSRestrictedIntervals.mat,uint16,"(29, 2)",seconds,"half-open [start,stop) in pipeline; official source gives start/stop seconds",auxiliary_MA,29,29,0,0,True,True,False
JennBuzsaki22,20140528_565um,WakeInterruptionTimePairFormat,20140528_565um_WSRestrictedIntervals.mat,uint16,"(22, 2)",seconds,"half-open [start,stop) in pipeline; official source gives start/stop seconds",auxiliary_WakeInterruption,22,22,0,0,True,True,False
JennBuzsaki22,20140528_565um,REMEpisodeTimePairFormat,20140528_565um_WSRestrictedIntervals.mat,uint16,"(7, 2)",seconds,"half-open [start,stop) in pipeline; official source gives start/stop seconds",episode_diagnostic,7,7,0,0,True,True,False
JennBuzsaki22,20140528_565um,SWSEpisodeTimePairFormat,20140528_565um_WSRestrictedIntervals.mat,uint16,"(9, 2)",seconds,"half-open [start,stop) in pipeline; official source gives start/stop seconds",episode_diagnostic,9,9,0,0,True,True,False
JennBuzsaki22,20140528_565um,WakeSleepTimePairFormat,20140528_565um_WSRestrictedIntervals.mat,uint16,"(2, 2)",seconds,"half-open [start,stop) in pipeline; official source gives start/stop seconds",episode_pair_diagnostic,2,2,0,0,True,True,False
JennBuzsaki22,20140528_565um,__SESSION_STRICT_LABEL_RECONSTRUCTION__,20140528_565um_WSRestrictedIntervals.mat,,,1-second bins,"target [t-1,t), full-bin coverage only",audit_summary,,,0,0,True,True,"{""counts_match"": true, ""independent_counts"": {""IGNORE"": 8337, ""NREM"": 2746, ""REM"": 523, ""WAKE"": 789}, ""m3_report_counts"": {""IGNORE"": 8337, ""NREM"": 2746, ""REM"": 523, ""WAKE"": 789}}"
Bogey,Bogey_012615,WakeTimePairFormat,Bogey_012615_WSRestrictedIntervals.mat,uint16,"(3, 2)",seconds,"half-open [start,stop) in pipeline; official source gives start/stop seconds",core_WAKE,3,3,0,0,True,True,True
Bogey,Bogey_012615,SleepTimePairFormat,Bogey_012615_WSRestrictedIntervals.mat,uint16,"(3, 2)",seconds,"half-open [start,stop) in pipeline; official source gives start/stop seconds",broad_SLEEP_diagnostic,3,3,0,0,True,True,False
Bogey,Bogey_012615,SWSPacketTimePairFormat,Bogey_012615_WSRestrictedIntervals.mat,uint16,"(60, 2)",seconds,"half-open [start,stop) in pipeline; official source gives start/stop seconds",core_NREM,60,60,0,0,True,True,True
Bogey,Bogey_012615,REMTimePairFormat,Bogey_012615_WSRestrictedIntervals.mat,uint16,"(18, 2)",seconds,"half-open [start,stop) in pipeline; official source gives start/stop seconds",core_REM,18,18,0,0,True,True,True
Bogey,Bogey_012615,MATimePairFormat,Bogey_012615_WSRestrictedIntervals.mat,uint16,"(73, 2)",seconds,"half-open [start,stop) in pipeline; official source gives start/stop seconds",auxiliary_MA,73,73,0,0,True,True,False
Bogey,Bogey_012615,WakeInterruptionTimePairFormat,Bogey_012615_WSRestrictedIntervals.mat,uint16,"(83, 2)",seconds,"half-open [start,stop) in pipeline; official source gives start/stop seconds",auxiliary_WakeInterruption,83,83,0,0,True,True,False
Bogey,Bogey_012615,REMEpisodeTimePairFormat,Bogey_012615_WSRestrictedIntervals.mat,uint16,"(9, 2)",seconds,"half-open [start,stop) in pipeline; official source gives start/stop seconds",episode_diagnostic,9,9,0,0,True,True,False
Bogey,Bogey_012615,SWSEpisodeTimePairFormat,Bogey_012615_WSRestrictedIntervals.mat,uint16,"(27, 2)",seconds,"half-open [start,stop) in pipeline; official source gives start/stop seconds",episode_diagnostic,27,27,0,0,True,True,False
Bogey,Bogey_012615,WakeSleepTimePairFormat,Bogey_012615_WSRestrictedIntervals.mat,object,"(3,)",seconds,"half-open [start,stop) in pipeline; official source gives start/stop seconds",episode_pair_diagnostic,6,6,0,0,True,True,False
Bogey,Bogey_012615,__SESSION_STRICT_LABEL_RECONSTRUCTION__,Bogey_012615_WSRestrictedIntervals.mat,,,1-second bins,"target [t-1,t), full-bin coverage only",audit_summary,,,0,0,True,True,"{""counts_match"": true, ""independent_counts"": {""IGNORE"": 13496, ""NREM"": 6519, ""REM"": 788, ""WAKE"": 3460}, ""m3_report_counts"": {""IGNORE"": 13496, ""NREM"": 6519, ""REM"": 788, ""WAKE"": 3460}}"
Splinter,Splinter_020515,WakeTimePairFormat,Splinter_020515_WSRestrictedIntervals.mat,uint16,"(3, 2)",seconds,"half-open [start,stop) in pipeline; official source gives start/stop seconds",core_WAKE,3,3,0,0,True,True,True
Splinter,Splinter_020515,SleepTimePairFormat,Splinter_020515_WSRestrictedIntervals.mat,uint16,"(3, 2)",seconds,"half-open [start,stop) in pipeline; official source gives start/stop seconds",broad_SLEEP_diagnostic,3,3,0,0,True,True,False
Splinter,Splinter_020515,SWSPacketTimePairFormat,Splinter_020515_WSRestrictedIntervals.mat,uint16,"(33, 2)",seconds,"half-open [start,stop) in pipeline; official source gives start/stop seconds",core_NREM,33,33,0,0,True,True,True
Splinter,Splinter_020515,REMTimePairFormat,Splinter_020515_WSRestrictedIntervals.mat,uint16,"(13, 2)",seconds,"half-open [start,stop) in pipeline; official source gives start/stop seconds",core_REM,13,13,0,0,True,True,True
Splinter,Splinter_020515,MATimePairFormat,Splinter_020515_WSRestrictedIntervals.mat,uint16,"(67, 2)",seconds,"half-open [start,stop) in pipeline; official source gives start/stop seconds",auxiliary_MA,67,66,1,0,True,True,False
Splinter,Splinter_020515,WakeInterruptionTimePairFormat,Splinter_020515_WSRestrictedIntervals.mat,uint16,"(51, 2)",seconds,"half-open [start,stop) in pipeline; official source gives start/stop seconds",auxiliary_WakeInterruption,51,46,5,0,True,True,False
Splinter,Splinter_020515,REMEpisodeTimePairFormat,Splinter_020515_WSRestrictedIntervals.mat,uint16,"(9, 2)",seconds,"half-open [start,stop) in pipeline; official source gives start/stop seconds",episode_diagnostic,9,9,0,0,True,True,False
Splinter,Splinter_020515,SWSEpisodeTimePairFormat,Splinter_020515_WSRestrictedIntervals.mat,uint16,"(13, 2)",seconds,"half-open [start,stop) in pipeline; official source gives start/stop seconds",episode_diagnostic,13,13,0,0,True,True,False
Splinter,Splinter_020515,WakeSleepTimePairFormat,Splinter_020515_WSRestrictedIntervals.mat,object,"(3,)",seconds,"half-open [start,stop) in pipeline; official source gives start/stop seconds",episode_pair_diagnostic,6,6,0,0,True,True,False
Splinter,Splinter_020515,__SESSION_STRICT_LABEL_RECONSTRUCTION__,Splinter_020515_WSRestrictedIntervals.mat,,,1-second bins,"target [t-1,t), full-bin coverage only",audit_summary,,,6,0,True,True,"{""counts_match"": true, ""independent_counts"": {""IGNORE"": 11839, ""NREM"": 6567, ""REM"": 944, ""WAKE"": 4486}, ""m3_report_counts"": {""IGNORE"": 11839, ""NREM"": 6567, ""REM"": 944, ""WAKE"": 4486}}"
Splinter,Splinter_020915,WakeTimePairFormat,Splinter_020915_WSRestrictedIntervals.mat,uint16,"(2, 2)",seconds,"half-open [start,stop) in pipeline; official source gives start/stop seconds",core_WAKE,2,2,0,0,True,True,True
Splinter,Splinter_020915,SleepTimePairFormat,Splinter_020915_WSRestrictedIntervals.mat,uint16,"(2, 2)",seconds,"half-open [start,stop) in pipeline; official source gives start/stop seconds",broad_SLEEP_diagnostic,2,2,0,0,True,True,False
Splinter,Splinter_020915,SWSPacketTimePairFormat,Splinter_020915_WSRestrictedIntervals.mat,uint16,"(31, 2)",seconds,"half-open [start,stop) in pipeline; official source gives start/stop seconds",core_NREM,31,31,0,0,True,True,True
Splinter,Splinter_020915,REMTimePairFormat,Splinter_020915_WSRestrictedIntervals.mat,uint16,"(27, 2)",seconds,"half-open [start,stop) in pipeline; official source gives start/stop seconds",core_REM,27,27,0,0,True,True,True
Splinter,Splinter_020915,MATimePairFormat,Splinter_020915_WSRestrictedIntervals.mat,uint16,"(44, 2)",seconds,"half-open [start,stop) in pipeline; official source gives start/stop seconds",auxiliary_MA,44,44,0,0,True,True,False
Splinter,Splinter_020915,WakeInterruptionTimePairFormat,Splinter_020915_WSRestrictedIntervals.mat,uint16,"(51, 2)",seconds,"half-open [start,stop) in pipeline; official source gives start/stop seconds",auxiliary_WakeInterruption,51,51,0,0,True,True,False
Splinter,Splinter_020915,REMEpisodeTimePairFormat,Splinter_020915_WSRestrictedIntervals.mat,uint16,"(12, 2)",seconds,"half-open [start,stop) in pipeline; official source gives start/stop seconds",episode_diagnostic,12,12,0,0,True,True,False
Splinter,Splinter_020915,SWSEpisodeTimePairFormat,Splinter_020915_WSRestrictedIntervals.mat,uint16,"(17, 2)",seconds,"half-open [start,stop) in pipeline; official source gives start/stop seconds",episode_diagnostic,17,17,0,0,True,True,False
Splinter,Splinter_020915,WakeSleepTimePairFormat,Splinter_020915_WSRestrictedIntervals.mat,object,"(2,)",seconds,"half-open [start,stop) in pipeline; official source gives start/stop seconds",episode_pair_diagnostic,4,4,0,0,True,True,False
Splinter,Splinter_020915,__SESSION_STRICT_LABEL_RECONSTRUCTION__,Splinter_020915_WSRestrictedIntervals.mat,,,1-second bins,"target [t-1,t), full-bin coverage only",audit_summary,,,0,0,True,True,"{""counts_match"": true, ""independent_counts"": {""IGNORE"": 10235, ""NREM"": 8336, ""REM"": 1064, ""WAKE"": 3852}, ""m3_report_counts"": {""IGNORE"": 10235, ""NREM"": 8336, ""REM"": 1064, ""WAKE"": 3852}}"
Rizzo,Rizzo_022615,WakeTimePairFormat,Rizzo_022615_WSRestrictedIntervals.mat,uint16,"(5, 2)",seconds,"half-open [start,stop) in pipeline; official source gives start/stop seconds",core_WAKE,5,5,0,0,True,True,True
Rizzo,Rizzo_022615,SleepTimePairFormat,Rizzo_022615_WSRestrictedIntervals.mat,uint16,"(5, 2)",seconds,"half-open [start,stop) in pipeline; official source gives start/stop seconds",broad_SLEEP_diagnostic,5,5,0,0,True,True,False
Rizzo,Rizzo_022615,SWSPacketTimePairFormat,Rizzo_022615_WSRestrictedIntervals.mat,uint16,"(66, 2)",seconds,"half-open [start,stop) in pipeline; official source gives start/stop seconds",core_NREM,66,66,0,0,True,True,True
Rizzo,Rizzo_022615,REMTimePairFormat,Rizzo_022615_WSRestrictedIntervals.mat,uint16,"(52, 2)",seconds,"half-open [start,stop) in pipeline; official source gives start/stop seconds",core_REM,52,52,0,0,True,True,True
Rizzo,Rizzo_022615,MATimePairFormat,Rizzo_022615_WSRestrictedIntervals.mat,uint16,"(16, 2)",seconds,"half-open [start,stop) in pipeline; official source gives start/stop seconds",auxiliary_MA,16,16,0,0,True,True,False
Rizzo,Rizzo_022615,WakeInterruptionTimePairFormat,Rizzo_022615_WSRestrictedIntervals.mat,uint16,"(35, 2)",seconds,"half-open [start,stop) in pipeline; official source gives start/stop seconds",auxiliary_WakeInterruption,35,35,0,0,True,True,False
Rizzo,Rizzo_022615,REMEpisodeTimePairFormat,Rizzo_022615_WSRestrictedIntervals.mat,uint16,"(40, 2)",seconds,"half-open [start,stop) in pipeline; official source gives start/stop seconds",episode_diagnostic,40,40,0,0,True,True,False
Rizzo,Rizzo_022615,SWSEpisodeTimePairFormat,Rizzo_022615_WSRestrictedIntervals.mat,uint16,"(46, 2)",seconds,"half-open [start,stop) in pipeline; official source gives start/stop seconds",episode_diagnostic,46,46,0,0,True,True,False
Rizzo,Rizzo_022615,WakeSleepTimePairFormat,Rizzo_022615_WSRestrictedIntervals.mat,object,"(5,)",seconds,"half-open [start,stop) in pipeline; official source gives start/stop seconds",episode_pair_diagnostic,10,10,0,0,True,True,False
Rizzo,Rizzo_022615,__SESSION_STRICT_LABEL_RECONSTRUCTION__,Rizzo_022615_WSRestrictedIntervals.mat,,,1-second bins,"target [t-1,t), full-bin coverage only",audit_summary,,,0,0,True,True,"{""counts_match"": true, ""independent_counts"": {""IGNORE"": 15474, ""NREM"": 14029, ""REM"": 3755, ""WAKE"": 7297}, ""m3_report_counts"": {""IGNORE"": 15474, ""NREM"": 14029, ""REM"": 3755, ""WAKE"": 7297}}"
Rizzo,Rizzo_022715,WakeTimePairFormat,Rizzo_022715_WSRestrictedIntervals.mat,uint16,"(2, 2)",seconds,"half-open [start,stop) in pipeline; official source gives start/stop seconds",core_WAKE,2,2,0,0,True,True,True
Rizzo,Rizzo_022715,SleepTimePairFormat,Rizzo_022715_WSRestrictedIntervals.mat,uint16,"(2, 2)",seconds,"half-open [start,stop) in pipeline; official source gives start/stop seconds",broad_SLEEP_diagnostic,2,2,0,0,True,True,False
Rizzo,Rizzo_022715,SWSPacketTimePairFormat,Rizzo_022715_WSRestrictedIntervals.mat,uint16,"(44, 2)",seconds,"half-open [start,stop) in pipeline; official source gives start/stop seconds",core_NREM,44,44,0,0,True,True,True
Rizzo,Rizzo_022715,REMTimePairFormat,Rizzo_022715_WSRestrictedIntervals.mat,uint16,"(25, 2)",seconds,"half-open [start,stop) in pipeline; official source gives start/stop seconds",core_REM,25,25,0,0,True,True,True
Rizzo,Rizzo_022715,MATimePairFormat,Rizzo_022715_WSRestrictedIntervals.mat,uint16,"(35, 2)",seconds,"half-open [start,stop) in pipeline; official source gives start/stop seconds",auxiliary_MA,35,35,0,0,True,True,False
Rizzo,Rizzo_022715,WakeInterruptionTimePairFormat,Rizzo_022715_WSRestrictedIntervals.mat,uint16,"(34, 2)",seconds,"half-open [start,stop) in pipeline; official source gives start/stop seconds",auxiliary_WakeInterruption,34,34,0,0,True,True,False
Rizzo,Rizzo_022715,REMEpisodeTimePairFormat,Rizzo_022715_WSRestrictedIntervals.mat,uint16,"(17, 2)",seconds,"half-open [start,stop) in pipeline; official source gives start/stop seconds",episode_diagnostic,17,17,0,0,True,True,False
Rizzo,Rizzo_022715,SWSEpisodeTimePairFormat,Rizzo_022715_WSRestrictedIntervals.mat,uint16,"(19, 2)",seconds,"half-open [start,stop) in pipeline; official source gives start/stop seconds",episode_diagnostic,19,19,0,0,True,True,False
Rizzo,Rizzo_022715,WakeSleepTimePairFormat,Rizzo_022715_WSRestrictedIntervals.mat,object,"(2,)",seconds,"half-open [start,stop) in pipeline; official source gives start/stop seconds",episode_pair_diagnostic,4,4,0,0,True,True,False
Rizzo,Rizzo_022715,__SESSION_STRICT_LABEL_RECONSTRUCTION__,Rizzo_022715_WSRestrictedIntervals.mat,,,1-second bins,"target [t-1,t), full-bin coverage only",audit_summary,,,0,0,True,True,"{""counts_match"": true, ""independent_counts"": {""IGNORE"": 12814, ""NREM"": 6514, ""REM"": 1718, ""WAKE"": 4886}, ""m3_report_counts"": {""IGNORE"": 12814, ""NREM"": 6514, ""REM"": 1718, ""WAKE"": 4886}}"
Templeton,Templeton_032415,WakeTimePairFormat,Templeton_032415_WSRestrictedIntervals.mat,uint16,"(3, 2)",seconds,"half-open [start,stop) in pipeline; official source gives start/stop seconds",core_WAKE,3,3,0,0,True,True,True
Templeton,Templeton_032415,SleepTimePairFormat,Templeton_032415_WSRestrictedIntervals.mat,uint16,"(3, 2)",seconds,"half-open [start,stop) in pipeline; official source gives start/stop seconds",broad_SLEEP_diagnostic,3,3,0,0,True,True,False
Templeton,Templeton_032415,SWSPacketTimePairFormat,Templeton_032415_WSRestrictedIntervals.mat,uint16,"(63, 2)",seconds,"half-open [start,stop) in pipeline; official source gives start/stop seconds",core_NREM,63,63,0,0,True,True,True
Templeton,Templeton_032415,REMTimePairFormat,Templeton_032415_WSRestrictedIntervals.mat,uint16,"(28, 2)",seconds,"half-open [start,stop) in pipeline; official source gives start/stop seconds",core_REM,28,28,0,0,True,True,True
Templeton,Templeton_032415,MATimePairFormat,Templeton_032415_WSRestrictedIntervals.mat,uint16,"(60, 2)",seconds,"half-open [start,stop) in pipeline; official source gives start/stop seconds",auxiliary_MA,60,60,0,0,True,True,False
Templeton,Templeton_032415,WakeInterruptionTimePairFormat,Templeton_032415_WSRestrictedIntervals.mat,uint16,"(34, 2)",seconds,"half-open [start,stop) in pipeline; official source gives start/stop seconds",auxiliary_WakeInterruption,34,34,0,0,True,True,False
Templeton,Templeton_032415,REMEpisodeTimePairFormat,Templeton_032415_WSRestrictedIntervals.mat,uint16,"(20, 2)",seconds,"half-open [start,stop) in pipeline; official source gives start/stop seconds",episode_diagnostic,20,20,0,0,True,True,False
Templeton,Templeton_032415,SWSEpisodeTimePairFormat,Templeton_032415_WSRestrictedIntervals.mat,uint16,"(28, 2)",seconds,"half-open [start,stop) in pipeline; official source gives start/stop seconds",episode_diagnostic,28,28,0,0,True,True,False
Templeton,Templeton_032415,WakeSleepTimePairFormat,Templeton_032415_WSRestrictedIntervals.mat,object,"(3,)",seconds,"half-open [start,stop) in pipeline; official source gives start/stop seconds",episode_pair_diagnostic,6,6,0,0,True,True,False
Templeton,Templeton_032415,__SESSION_STRICT_LABEL_RECONSTRUCTION__,Templeton_032415_WSRestrictedIntervals.mat,,,1-second bins,"target [t-1,t), full-bin coverage only",audit_summary,,,0,0,True,True,"{""counts_match"": true, ""independent_counts"": {""IGNORE"": 3698, ""NREM"": 9199, ""REM"": 1755, ""WAKE"": 4405}, ""m3_report_counts"": {""IGNORE"": 3698, ""NREM"": 9199, ""REM"": 1755, ""WAKE"": 4405}}"
