animal_id,session_id,source_session_name,release_session_name,mapping_source,mapping_confidence,locally_available,already_audited,compressed_size_bytes,compressed_size_if_known,notes
BWRat17,BWRat17_121712,BWRat17_121712,BWRat17_121712,WatsonSleepHomestasis2016Table.xlsx:SleepOverview!A4:L4; filelist.txt,confirmed,true,true,936177071,892.8 MB,Exact source/release basename match; ACC
BWRat17,BWRat17_121912,BWRat17_121912,BWRat17_121912,WatsonSleepHomestasis2016Table.xlsx:SleepOverview!A5:L5; filelist.txt,confirmed,false,false,1017906622,970.7 MB,Exact source/release basename match; ACC
BWRat18,BWRat18_020513,BWRat18_020513,BWRat18_020513,WatsonSleepHomestasis2016Table.xlsx:SleepOverview!A8:L8; filelist.txt,confirmed,true,true,2006606460,1.8 GB,Exact source/release basename match; M2
BWRat19,BWRat19_032413,BWRat19_032413,BWRat19_032413,WatsonSleepHomestasis2016Table.xlsx:SleepOverview!A11:L11; filelist.txt,confirmed,false,false,1483514715,1.3 GB,Exact source/release basename match; M2
BWRat19,BWRat19_032513,BWRat19_032513,BWRat19_032513,WatsonSleepHomestasis2016Table.xlsx:SleepOverview!A12:L12; filelist.txt,confirmed,true,true,1167555469,1.0 GB,Exact source/release basename match; M2
BWRat20,BWRat20_101013,BWRat20_101013,BWRat20_101013,WatsonSleepHomestasis2016Table.xlsx:SleepOverview!A15:L15; filelist.txt,confirmed,true,true,1921907255,1.7 GB,Exact source/release basename match; ACC
BWRat20,BWRat20_101513,BWRat20_101513,BWRat20_101513,WatsonSleepHomestasis2016Table.xlsx:SleepOverview!A16:L16; filelist.txt,confirmed,false,false,3787800074,3.5 GB,Exact source/release basename match; ACC; ketamine noted between epochs 03 and 04
BWRat21,BWRat21_121113,BWRat21_121113,BWRat21_121113,WatsonSleepHomestasis2016Table.xlsx:SleepOverview!A19:L19; filelist.txt,confirmed,false,false,2745058218,2.5 GB,Exact source/release basename match; mPFC; table notes instability after about 22000 s
BWRat21,BWRat21_121613,BWRat21_121613,BWRat21_121613,WatsonSleepHomestasis2016Table.xlsx:SleepOverview!A20:L20; filelist.txt,confirmed,false,false,2629442277,2.4 GB,Exact source/release basename match; mPFC; ketamine session
BWRat21,BWRat21_121813,BWRat21_121813,BWRat21_121813,WatsonSleepHomestasis2016Table.xlsx:SleepOverview!A21:L21; filelist.txt,confirmed,false,false,2640178867,2.4 GB,Exact source/release basename match; mPFC; saline session
Dino,Dino_061814_mPFC,Dino_061814_mPFC,Dino_061814_mPFC,WatsonSleepHomestasis2016Table.xlsx:SleepOverview!A24:L24; filelist.txt,confirmed,false,false,5453164772,5.0 GB,Exact source/release basename match; mPFC
Dino,Dino_061914_ACC,Dino_061914_ACC,Dino_061914_ACC,WatsonSleepHomestasis2016Table.xlsx:SleepOverview!A25:L25; filelist.txt,confirmed,false,false,4704193674,4.3 GB,Exact source/release basename match; ACC recording
Dino,Dino_061914_mPFC,Dino_061914_mPFC,Dino_061914_mPFC,WatsonSleepHomestasis2016Table.xlsx:SleepOverview!A26:L26; filelist.txt,confirmed,false,false,4750260107,4.4 GB,Exact source/release basename match; mPFC recording from same date as ACC release
Dino,Dino_062014_ACC,Dino_062014_ACC,Dino_062014_ACC,WatsonSleepHomestasis2016Table.xlsx:SleepOverview!A27:L27; filelist.txt,confirmed,false,false,6037972076,5.6 GB,Exact source/release basename match; ACC; alternate-maze training
Dino,Dino_062014_mPFC,Dino_062014_mPFC,Dino_062014_mPFC,WatsonSleepHomestasis2016Table.xlsx:SleepOverview!A28:L28; filelist.txt,confirmed,false,false,6120571291,5.7 GB,Exact source/release basename match; mPFC; alternate-maze training
Dino,Dino_072114_mPFC,Dino_072114_mPFC,Dino_072114_mPFC,WatsonSleepHomestasis2016Table.xlsx:SleepOverview!A29:L29; filelist.txt,confirmed,false,false,2155009132,2.0 GB,Exact source/release basename match; mPFC; table notes few units and almost no assemblies
Dino,Dino_072314_mPFC,Dino_072314_mPFC,Dino_072314_mPFC,WatsonSleepHomestasis2016Table.xlsx:SleepOverview!A30:L30; filelist.txt,confirmed,false,false,2841305623,2.6 GB,Exact source/release basename match; mPFC
Dino,Dino_072414_mPFC,Dino_072414_mPFC,Dino_072414_mPFC,WatsonSleepHomestasis2016Table.xlsx:SleepOverview!A31:L31; filelist.txt,confirmed,false,false,3713355426,3.4 GB,Exact source/release basename match; mPFC
JennBuzsaki22,20140526_277um,20140526_277um,20140526_277um,WatsonSleepHomestasis2016Table.xlsx:SleepOverview!A34:L34; filelist.txt,confirmed,false,false,2863283880,2.6 GB,Exact source/release basename match; official animal group is JennBuzsaki22; mPFC+dHipp
JennBuzsaki22,20140527_421um,20140527_421um,20140527_421um,WatsonSleepHomestasis2016Table.xlsx:SleepOverview!A35:L35; filelist.txt,confirmed,false,false,3580989799,3.3 GB,Exact source/release basename match; official animal group is JennBuzsaki22; mPFC+dHipp
JennBuzsaki22,20140528_565um,20140528_565um,20140528_565um,WatsonSleepHomestasis2016Table.xlsx:SleepOverview!A36:L36; filelist.txt,confirmed,false,false,2567266345,2.3 GB,Exact source/release basename match; official animal group is JennBuzsaki22; mPFC+dHipp
Bogey,Bogey_012615,Bogey_012615,Bogey_012615,WatsonSleepHomestasis2016Table.xlsx:SleepOverview!A39:L39; filelist.txt,confirmed,false,false,4273115481,3.9 GB,Exact source/release basename match; mPFC
Splinter,Splinter_020515,Splinter_020515,Splinter_020515,WatsonSleepHomestasis2016Table.xlsx:SleepOverview!A42:L42; filelist.txt,confirmed,false,false,3202789875,2.9 GB,Exact source/release basename match; OFC
Splinter,Splinter_020915,Splinter_020915,Splinter_020915,WatsonSleepHomestasis2016Table.xlsx:SleepOverview!A43:L43; filelist.txt,confirmed,true,true,2716267370,2.5 GB,Exact source/release basename match; OFC
Rizzo,Rizzo_022615,Rizzo_022615,Rizzo_022615,WatsonSleepHomestasis2016Table.xlsx:SleepOverview!A46:L46; filelist.txt,confirmed,false,false,5939243080,5.5 GB,Exact source/release basename match; OFC; table notes additional unstable units
Rizzo,Rizzo_022715,Rizzo_022715,Rizzo_022715,WatsonSleepHomestasis2016Table.xlsx:SleepOverview!A47:L47; filelist.txt,confirmed,false,false,3942532487,3.6 GB,Exact source/release basename match; OFC
Templeton,Templeton_032415,Templeton_032415,Templeton_032415,WatsonSleepHomestasis2016Table.xlsx:SleepOverview!A50:L50; filelist.txt,confirmed,false,false,3690380449,3.4 GB,Exact source/release basename match; OFC; table notes unstable units and high-frequency noise
